<dir>
  <title>EXTREME RULES</title>
  <link>http://builds.kodiuk.tv/development/loki/WWE/extremerules2018.xml</link> 
  <summary>Storyline
Superstars from RAW and Smackdown goes to the extremes to show each other, who is the best.
3h 41min | Action, Sport | TV Special 15 July 2018</summary>
  <thumbnail>https://image.tmdb.org/t/p/original/4BNGgaLE2x7lOluYtAZomBKlfOO.jpg</thumbnail>
  <fanart>https://m.media-amazon.com/images/M/MV5BN2M4NjM3NTAtNWFlNy00Yzk2LTk1NDEtYThlZTY1Yjc5YWVhXkEyXkFqcGdeQXVyODAzNzAwOTU@._V1_.jpg</fanart>
</dir>

<dir>
  <title>MONEY IN THE BANK</title>
  <link>http://builds.kodiuk.tv/development/loki/WWE/moneybank.xml</link>
  <summary>Storyline
Participants from both RAW and Smackdown compete to earn the Money in the Bank briefcase.
4h 15min | Action, Sport | TV Special 17 June 2018</summary>
  <thumbnail>https://image.tmdb.org/t/p/w600_and_h900_bestv2/uSjyagt3AJcfOC4nPCkpFd5IwsH.jpg</thumbnail>
  <fanart>https://image.tmdb.org/t/p/w600_and_h900_bestv2/uSjyagt3AJcfOC4nPCkpFd5IwsH.jpg</fanart>
</dir> 

<dir>
<title>BACKLASH</title>
<meta>
<content>movie</content>
<imdb>tt8289596</imdb>
<title>WWE Backlash</title>
<year>2018</year>
</meta>
<link>http://builds.kodiuk.tv/development/loki/WWE/backlash2018.xml</link>
<thumbnail>https://ia.media-imdb.com/images/M/MV5BYjc0YzUzZGQtYzZmYS00OGVlLTk4NzAtMTc3ODBhY2YwYjM4XkEyXkFqcGdeQXVyMzQwNDk2ODM@._V1_.jpg</thumbnail>
<fanart>https://image.tmdb.org/t/p/original/ipIrJyO13ihBloHFPpM7oT8JVzJ.jpg</fanart>
</dir>

<dir>
<title>GREATEST ROYAL RUMBLE</title>
<meta>
<content>tv special</content>
<imdb>tt8220296</imdb>
<title>WWE Greatest Royal Rumble</title>
<year>2018</year>
</meta>
<link>http://builds.kodiuk.tv/development/loki/WWE/greatestroyalrumble2018.xml</link>
<thumbnail>https://ia.media-imdb.com/images/M/MV5BNDU4OTNkMjEtZmQyOC00MTVkLWE4YWItZDQyMTJkYjA0YTY0XkEyXkFqcGdeQXVyMzQwNDk2ODM@._V1_.jpg</thumbnail>
<fanart>https://ia.media-imdb.com/images/M/MV5BOWE4M2ZjZmEtZmQ0YS00MmI2LTliYjgtMDYzYjE3YmUyNjgwXkEyXkFqcGdeQXVyNzQzNDM3NTI@._V1_.jpg</fanart>
</dir>

<dir>
<title>WRESTLEMANIA</title>
<meta>
<content>tv special</content>
<imdb>tt6495338</imdb>
<title>wrestlemania</title>
<year>2018</year>
</meta>
<link>http://builds.kodiuk.tv/development/loki/WWE/wrestlmania.xml</link>
<thumbnail>https://ia.media-imdb.com/images/M/MV5BNWYzNjcyYTktMGJmMi00ZTk0LTk4MGItMzkwZDk4ZTVmOTY0XkEyXkFqcGdeQXVyODY2NDQ5ODE@._V1_.jpg</thumbnail>
<fanart>https://ia.media-imdb.com/images/M/MV5BZmIzZWMwYzEtMDk0Yi00ZThlLWI0MzMtMDRlMjQ0MzM3ZDFiXkEyXkFqcGdeQXVyNzQzNDM3NTI@._V1_.jpg</fanart>
</dir>

<dir>
<title>Royal Rumble</title>
<meta>
<content>tv special</content>
<imdb>tt7761204</imdb>
<title>ROYAL RUMBLE</title>
<year>2018</year>
</meta>
<link>http://builds.kodiuk.tv/development/loki/WWE/royalrumble.xml</link>
<thumbnail>https://ia.media-imdb.com/images/M/MV5BODUyZTJlMDYtYTk0Yy00NWNhLWE3NjktOTRkZDAzNjQwNDdjXkEyXkFqcGdeQXVyMzQwNDk2ODM@._V1_SY1000_CR0,0,598,1000_AL_.jpg</thumbnail>
<fanart>https://ia.media-imdb.com/images/M/MV5BZDMyYTE2YjMtZjVmZS00YjM0LWFkZWQtNjcwY2M0MmE3N2Q2XkEyXkFqcGdeQXVyNzQzNDM3NTI@._V1_.jpg</fanart>
</dir>

<item>
<title>Elimination Chamber 2018</title>
<meta>
<content>tv special</content>
<imdb>tt7948266</imdb>
<title>elimination chamber</title>
<year>2018</year>
</meta>
<link>https://streamango.com/f/lctanntatolokecc/WWE_Elimination_Chamber_2018_PPV_720p_WEB_h264-HEEL_mp4</link>
<thumbnail>https://ia.media-imdb.com/images/M/MV5BNTQzN2Q3ODktYTViMy00Nzc3LWI5YWYtYzRlNjMzZDVhNTA2XkEyXkFqcGdeQXVyNTQ0MTU2MDI@._V1_SY1000_CR0,0,676,1000_AL_.jpg</thumbnail>
<fanart>https://ia.media-imdb.com/images/M/MV5BMmU5ZDEyOTEtMDhhZi00NzJiLTgzMDItYWIzNjg0MjZhOWI3XkEyXkFqcGdeQXVyMjQwMDQ2ODM@._V1_.jpg</fanart>
</item>

<item>
<title>FastLane 2018</title>
<meta>
<content>tv special</content>
<imdb>tt7946622</imdb>
<title>Fastlane</title>
<year>2018</year>
</meta>
<link>
<sublink>http://uptobox.com/yyw95757tbli(link 1 | HD)</sublink>
<sublink>https://streamango.com/f/aqdkmppokrclbqpr(link 2 | HD)</sublink>
</link>
<thumbnail>https://ia.media-imdb.com/images/M/MV5BNzNhZDBmYWItMDc0Zi00Y2YyLWJmMjMtYmMwZjc4NDc3NzExXkEyXkFqcGdeQXVyNjgyNTMzMDk@._V1_SY1000_CR0,0,701,1000_AL_.jpg</thumbnail>
<fanart>https://ia.media-imdb.com/images/M/MV5BYzBlOThhZTctYzRhMy00ZWJlLWEzNzQtYzQyMjA5NmFjNjhiXkEyXkFqcGdeQXVyNzQzNDM3NTI@._V1_.jpg</fanart>
</item>