<item>
  <title>WWE 205 Live 31/7/18</title>
  <link>http://ww2.primego.org/x264/6JR8oOmN9GjB3LO/6JR8oOmN9GjB3LO.m3u8</link>
  <thumbnail>https://m.media-amazon.com/images/M/MV5BODU2Mzg1ZjctODdjOC00NzdmLWI0YjgtN2M1Y2IyOWVmMWQ4XkEyXkFqcGdeQXVyNzMwNTk4OTA@._V1_.jpg</thumbnail>
</item>

<item>
  <title>WWE 205 Live 24/7/18</title>
  <link>http://ww7.primego.org/x264/fAD8YeKxKIMioBy/fAD8YeKxKIMioBy.m3u8</link>
  <thumbnail>https://m.media-amazon.com/images/M/MV5BODU2Mzg1ZjctODdjOC00NzdmLWI0YjgtN2M1Y2IyOWVmMWQ4XkEyXkFqcGdeQXVyNzMwNTk4OTA@._V1_.jpg</thumbnail>
</item>

<item>
  <title>WWE 205 Live 17/7/18</title>
  <link>http://ww9.primego.org/x264/yh4DWQkO0RKyUEE/yh4DWQkO0RKyUEE.m3u8</link>
  <thumbnail>https://m.media-amazon.com/images/M/MV5BODU2Mzg1ZjctODdjOC00NzdmLWI0YjgtN2M1Y2IyOWVmMWQ4XkEyXkFqcGdeQXVyNzMwNTk4OTA@._V1_.jpg</thumbnail>
</item>

<item>
  <title>WWE 205 Live 10/7/18</title>
  <link>http://ww12.primego.org/x264/dOa9hrCuzQ6LP6R/dOa9hrCuzQ6LP6R.m3u8</link>
  <thumbnail>https://m.media-amazon.com/images/M/MV5BODU2Mzg1ZjctODdjOC00NzdmLWI0YjgtN2M1Y2IyOWVmMWQ4XkEyXkFqcGdeQXVyNzMwNTk4OTA@._V1_.jpg</thumbnail>
</item>

<item>
  <title>WWE 205 Live 3/7/18</title>
  <link>http://ww9.primego.org/x264/smM73NW9xNM9l0R/smM73NW9xNM9l0R.m3u8</link>
  <thumbnail>https://m.media-amazon.com/images/M/MV5BODU2Mzg1ZjctODdjOC00NzdmLWI0YjgtN2M1Y2IyOWVmMWQ4XkEyXkFqcGdeQXVyNzMwNTk4OTA@._V1_.jpg</thumbnail>
</item>

<item>
  <title>WWE 205 Live – 26th June 2018</title>
  <link>http://ww2.primego.org/x264/sqg75fUWVQL3lzC/sqg75fUWVQL3lzC.m3u8</link>
  <thumbnail>https://m.media-amazon.com/images/M/MV5BODU2Mzg1ZjctODdjOC00NzdmLWI0YjgtN2M1Y2IyOWVmMWQ4XkEyXkFqcGdeQXVyNzMwNTk4OTA@._V1_.jpg</thumbnail>
</item>

<item>
  <title>WWE 205 Live – 19th June 2018</title>
  <link>http://ww2.primego.org/x264/GlKG8860rKorEES/GlKG8860rKorEES.m3u8</link>
  <thumbnail>https://m.media-amazon.com/images/M/MV5BODU2Mzg1ZjctODdjOC00NzdmLWI0YjgtN2M1Y2IyOWVmMWQ4XkEyXkFqcGdeQXVyNzMwNTk4OTA@._V1_.jpg</thumbnail>
</item>

<item>
  <title>WWE 205 Live – 12th June 2018</title>
  <link>http://ww9.primego.org/x264/BcbRApxrWnamsg4/BcbRApxrWnamsg4.m3u8</link>
  <thumbnail>https://m.media-amazon.com/images/M/MV5BODU2Mzg1ZjctODdjOC00NzdmLWI0YjgtN2M1Y2IyOWVmMWQ4XkEyXkFqcGdeQXVyNzMwNTk4OTA@._V1_.jpg</thumbnail>
</item>