<item>
<title>WWE Afterburn 20/7/2018</title>
<link>http://ww12.primego.org/x264/csXQIiQem9VOIDP/csXQIiQem9VOIDP.m3u8</link>
<thumbnail>https://image.tmdb.org/t/p/w600_and_h900_bestv2/cU14hdgsv4TtiZHPBRxM1YYklYZ.jpg</thumbnail>
<fanart>http://watchwrestlingup.live/wp-content/uploads/2017/10/WWE-Afterburn.jpg</fanart>
</item>

<item>
<title>[COLOR gold]-------------------------------------------------------------------[/COLOR]</title>
</item>

<item>
<title>WWE Afterburn 20/7/2018</title>
<link>http://ww13.primego.org/x264/pkV7Hm2bN9aMp97/pkV7Hm2bN9aMp97.m3u8</link>
<thumbnail>https://image.tmdb.org/t/p/w600_and_h900_bestv2/cU14hdgsv4TtiZHPBRxM1YYklYZ.jpg</thumbnail>
<fanart>http://watchwrestlingup.live/wp-content/uploads/2017/10/WWE-Afterburn.jpg</fanart>
</item>

<item>
<title>[COLOR gold]-------------------------------------------------------------------[/COLOR]</title>
</item>

<item>
<title>WWE Afterburn 13/7/2018</title>
<link>http://ww7.primego.org/x264/afllMAOEwStcG6G/afllMAOEwStcG6G.m3u8</link>
<thumbnail>https://image.tmdb.org/t/p/w600_and_h900_bestv2/cU14hdgsv4TtiZHPBRxM1YYklYZ.jpg</thumbnail>
<fanart>http://watchwrestlingup.live/wp-content/uploads/2017/10/WWE-Afterburn.jpg</fanart>
</item>

<item>
<title>[COLOR gold]-------------------------------------------------------------------[/COLOR]</title>
</item>

<item>
<title>WWE Afterburn 7/7/2018</title>
<link>http://ww13.primego.org/x264/fGmCY1g15mTW1Rx/fGmCY1g15mTW1Rx.m3u8</link>
<thumbnail>https://image.tmdb.org/t/p/w600_and_h900_bestv2/cU14hdgsv4TtiZHPBRxM1YYklYZ.jpg</thumbnail>
<fanart>http://watchwrestlingup.live/wp-content/uploads/2017/10/WWE-Afterburn.jpg</fanart>
</item>

<item>
<title>[COLOR gold]-------------------------------------------------------------------[/COLOR]</title>
</item>

<item>
<title>WWE Afterburn 30/6/2018</title>
<link>http://ww1.primego.org/x264/vPtRQAoVQn2lqsT/vPtRQAoVQn2lqsT.m3u8</link>
<thumbnail>https://image.tmdb.org/t/p/w600_and_h900_bestv2/cU14hdgsv4TtiZHPBRxM1YYklYZ.jpg</thumbnail>
<fanart>http://watchwrestlingup.live/wp-content/uploads/2017/10/WWE-Afterburn.jpg</fanart>
</item>