<item>
<title>WWE BACKLASH 2018</title>
<thumbnail>https://ia.media-imdb.com/images/M/MV5BYjc0YzUzZGQtYzZmYS00OGVlLTk4NzAtMTc3ODBhY2YwYjM4XkEyXkFqcGdeQXVyMzQwNDk2ODM@._V1_.jpg</thumbnail>
<fanart>https://image.tmdb.org/t/p/original/ipIrJyO13ihBloHFPpM7oT8JVzJ.jpg</fanart>
</item>

<item>
<title>KICK - OFF SHOW</title>
<link>http://ww8.primego.org/x264/EreIm0sMZlbCA3v/EreIm0sMZlbCA3v.m3u8</link>
<thumbnail>https://ia.media-imdb.com/images/M/MV5BYjc0YzUzZGQtYzZmYS00OGVlLTk4NzAtMTc3ODBhY2YwYjM4XkEyXkFqcGdeQXVyMzQwNDk2ODM@._V1_.jpg</thumbnail>
<fanart>https://image.tmdb.org/t/p/original/ipIrJyO13ihBloHFPpM7oT8JVzJ.jpg</fanart>
</item>

<item>
<title>Link 1</title>
<link>http://dl.tehmoviez.xyz/94/97/2/WWE%20Backlash%202018%20PPV%20480p%20.mkv</link>
<thumbnail>https://ia.media-imdb.com/images/M/MV5BYjc0YzUzZGQtYzZmYS00OGVlLTk4NzAtMTc3ODBhY2YwYjM4XkEyXkFqcGdeQXVyMzQwNDk2ODM@._V1_.jpg</thumbnail>
<fanart>https://image.tmdb.org/t/p/original/ipIrJyO13ihBloHFPpM7oT8JVzJ.jpg</fanart>
</item>

<item>
<title>Link 2 Part 1</title>
<link>http://ww11.primego.org/x264/SuFNLJfnx4zhUBM/SuFNLJfnx4zhUBM.m3u8</link>
<thumbnail>https://ia.media-imdb.com/images/M/MV5BYjc0YzUzZGQtYzZmYS00OGVlLTk4NzAtMTc3ODBhY2YwYjM4XkEyXkFqcGdeQXVyMzQwNDk2ODM@._V1_.jpg</thumbnail>
<fanart>https://image.tmdb.org/t/p/original/ipIrJyO13ihBloHFPpM7oT8JVzJ.jpg</fanart>
</item>

<item>
<title>Link 2 Part 2</title>
<link>http://ww2.primego.org/x264/vuQETxtZEtVA0Kw/vuQETxtZEtVA0Kw.m3u8</link>
<thumbnail>https://ia.media-imdb.com/images/M/MV5BYjc0YzUzZGQtYzZmYS00OGVlLTk4NzAtMTc3ODBhY2YwYjM4XkEyXkFqcGdeQXVyMzQwNDk2ODM@._V1_.jpg</thumbnail>
<fanart>https://image.tmdb.org/t/p/original/ipIrJyO13ihBloHFPpM7oT8JVzJ.jpg</fanart>
</item>

<item>
<title>Link 2 Part 3</title>
<link>http://ww11.primego.org/x264/mR7Fm0ET1N0K8pa/mR7Fm0ET1N0K8pa.m3u8</link>
<thumbnail>https://ia.media-imdb.com/images/M/MV5BYjc0YzUzZGQtYzZmYS00OGVlLTk4NzAtMTc3ODBhY2YwYjM4XkEyXkFqcGdeQXVyMzQwNDk2ODM@._V1_.jpg</thumbnail>
<fanart>https://image.tmdb.org/t/p/original/ipIrJyO13ihBloHFPpM7oT8JVzJ.jpg</fanart>
</item>

<item>
<title>Link 2 Part 4</title>
<link>http://ww8.primego.org/x264/HFR1DMJMipygG0y/HFR1DMJMipygG0y.m3u8</link>
<thumbnail>https://ia.media-imdb.com/images/M/MV5BYjc0YzUzZGQtYzZmYS00OGVlLTk4NzAtMTc3ODBhY2YwYjM4XkEyXkFqcGdeQXVyMzQwNDk2ODM@._V1_.jpg</thumbnail>
<fanart>https://image.tmdb.org/t/p/original/ipIrJyO13ihBloHFPpM7oT8JVzJ.jpg</fanart>
</item>

<item>
<title>POST SHOW</title>
<link>http://ww3.primego.org/x264/ohLEwpOWbJRAgpv/ohLEwpOWbJRAgpv.m3u8</link>
<thumbnail>https://ia.media-imdb.com/images/M/MV5BYjc0YzUzZGQtYzZmYS00OGVlLTk4NzAtMTc3ODBhY2YwYjM4XkEyXkFqcGdeQXVyMzQwNDk2ODM@._V1_.jpg</thumbnail>
<fanart>https://image.tmdb.org/t/p/original/ipIrJyO13ihBloHFPpM7oT8JVzJ.jpg</fanart>
</item>