<item>
<title>WWE Bottomline 27/7/2018</title>
<link>http://ww2.primego.org/x264/7KmjbmMyAlSwoQI/7KmjbmMyAlSwoQI.m3u8</link>
<thumbnail>https://image.tmdb.org/t/p/w600_and_h900_bestv2/x0Xmvkca7TXvawtC2shToeT49nX.jpg</thumbnail>
<fanart>https://m.media-amazon.com/images/M/MV5BZjdkMTdhYTYtZGE3My00Mjk0LWI3N2MtNzQzMDE1MjYzZjY1XkEyXkFqcGdeQXVyMTEyMDcwNw@@._V1_SX1777_CR0,0,1777,654_AL_.jpg</fanart>
</item>

<item>
<title>[COLOR gold]-------------------------------------------------------------------[/COLOR]</title>
</item>

<item>
<title>WWE Bottomline 20/7/2018</title>
<link>http://ww1.primego.org/x264/ZIUSkaThOZ44Ohm/ZIUSkaThOZ44Ohm.m3u8</link>
<thumbnail>https://image.tmdb.org/t/p/w600_and_h900_bestv2/x0Xmvkca7TXvawtC2shToeT49nX.jpg</thumbnail>
<fanart>https://m.media-amazon.com/images/M/MV5BZjdkMTdhYTYtZGE3My00Mjk0LWI3N2MtNzQzMDE1MjYzZjY1XkEyXkFqcGdeQXVyMTEyMDcwNw@@._V1_SX1777_CR0,0,1777,654_AL_.jpg</fanart>
</item>

<item>
<title>[COLOR gold]-------------------------------------------------------------------[/COLOR]</title>
</item>

<item>
<title>WWE Bottomline 13/7/2018</title>
<link>http://ww9.primego.org/x264/SzleF7ItH3eYZrB/SzleF7ItH3eYZrB.m3u8</link>
<thumbnail>https://image.tmdb.org/t/p/w600_and_h900_bestv2/x0Xmvkca7TXvawtC2shToeT49nX.jpg</thumbnail>
<fanart>https://m.media-amazon.com/images/M/MV5BZjdkMTdhYTYtZGE3My00Mjk0LWI3N2MtNzQzMDE1MjYzZjY1XkEyXkFqcGdeQXVyMTEyMDcwNw@@._V1_SX1777_CR0,0,1777,654_AL_.jpg</fanart>
</item>

<item>
<title>[COLOR gold]-------------------------------------------------------------------[/COLOR]</title>
</item>

<item>
<title>WWE Bottomline 7/7/2018</title>
<link>http://ww6.primego.org/x264/iD26pVRo0tQt0ur/iD26pVRo0tQt0ur.m3u8</link>
<thumbnail>https://image.tmdb.org/t/p/w600_and_h900_bestv2/x0Xmvkca7TXvawtC2shToeT49nX.jpg</thumbnail>
<fanart>https://m.media-amazon.com/images/M/MV5BZjdkMTdhYTYtZGE3My00Mjk0LWI3N2MtNzQzMDE1MjYzZjY1XkEyXkFqcGdeQXVyMTEyMDcwNw@@._V1_SX1777_CR0,0,1777,654_AL_.jpg</fanart>
</item>

<item>
<title>[COLOR gold]-------------------------------------------------------------------[/COLOR]</title>
</item>

<item>
<title>WWE Bottomline 30/6/2018</title>
<link>http://ww2.primego.org/x264/QahIBvlfcDegAPE/QahIBvlfcDegAPE.m3u8</link>
<thumbnail>https://image.tmdb.org/t/p/w600_and_h900_bestv2/x0Xmvkca7TXvawtC2shToeT49nX.jpg</thumbnail>
<fanart>https://m.media-amazon.com/images/M/MV5BZjdkMTdhYTYtZGE3My00Mjk0LWI3N2MtNzQzMDE1MjYzZjY1XkEyXkFqcGdeQXVyMTEyMDcwNw@@._V1_SX1777_CR0,0,1777,654_AL_.jpg</fanart>
</item>