<item>
<title>S01 E01  "There’s No Place Like Camp"</title>
<link>http://www.dailymotion.com/embed/video/k6Iu43apLUvf0chirLH?syndication=0?logo=0&autoPlay=1&quality=720&related=0</link>
<thumbnail>https://ia.media-imdb.com/images/M/MV5BZWJkNzYxMDktMTM0OS00MjQzLWIwMzEtODBjYjNmMjQwYTYxXkEyXkFqcGdeQXVyNjExODE1MDc@._V1_.jpg</thumbnail>
<fanart>https://ia.media-imdb.com/images/M/MV5BYmZiZjUyMDMtYmEzMi00ZWMxLWIwMTctYWU2MTBhZDEyNzg3XkEyXkFqcGdeQXVyNzU5OTExMQ@@._V1_SX1777_CR0,0,1777,999_AL_.jpg</fanart>
</item>

<item>
<title>S01 E02 "Not Without My Eyebrow"</title>
<link>http://www.dailymotion.com/embed/video/x49tsz8?autoplay=1</link>
<thumbnail>https://ia.media-imdb.com/images/M/MV5BZWJkNzYxMDktMTM0OS00MjQzLWIwMzEtODBjYjNmMjQwYTYxXkEyXkFqcGdeQXVyNjExODE1MDc@._V1_.jpg</thumbnail>
<fanart>https://ia.media-imdb.com/images/M/MV5BYmZiZjUyMDMtYmEzMi00ZWMxLWIwMTctYWU2MTBhZDEyNzg3XkEyXkFqcGdeQXVyNzU5OTExMQ@@._V1_SX1777_CR0,0,1777,999_AL_.jpg</fanart>
</item>

<item>
<title>S01 E03 "Survival Weekend"</title>
<link>http://www.dailymotion.com/embed/video/x4ax7v5?autoplay=1</link>
<thumbnail>https://ia.media-imdb.com/images/M/MV5BZWJkNzYxMDktMTM0OS00MjQzLWIwMzEtODBjYjNmMjQwYTYxXkEyXkFqcGdeQXVyNjExODE1MDc@._V1_.jpg</thumbnail>
<fanart>https://ia.media-imdb.com/images/M/MV5BYmZiZjUyMDMtYmEzMi00ZWMxLWIwMTctYWU2MTBhZDEyNzg3XkEyXkFqcGdeQXVyNzU5OTExMQ@@._V1_SX1777_CR0,0,1777,999_AL_.jpg</fanart>
</item>

<item>
<title>S01 E04 "Vince Is Just Not That Into You"</title>
<link>http://www.dailymotion.com/embed/video/x4c2pl3?autoplay=1</link>
<thumbnail>https://ia.media-imdb.com/images/M/MV5BZWJkNzYxMDktMTM0OS00MjQzLWIwMzEtODBjYjNmMjQwYTYxXkEyXkFqcGdeQXVyNjExODE1MDc@._V1_.jpg</thumbnail>
<fanart>https://ia.media-imdb.com/images/M/MV5BYmZiZjUyMDMtYmEzMi00ZWMxLWIwMTctYWU2MTBhZDEyNzg3XkEyXkFqcGdeQXVyNzU5OTExMQ@@._V1_SX1777_CR0,0,1777,999_AL_.jpg</fanart>
</item>

<item>
<title>S01 E05 "A Family McMahon"</title>
<link>http://www.dailymotion.com/embed/video/x4cykmp?autoplay=1</link>
<thumbnail>https://ia.media-imdb.com/images/M/MV5BZWJkNzYxMDktMTM0OS00MjQzLWIwMzEtODBjYjNmMjQwYTYxXkEyXkFqcGdeQXVyNjExODE1MDc@._V1_.jpg</thumbnail>
<fanart>https://ia.media-imdb.com/images/M/MV5BYmZiZjUyMDMtYmEzMi00ZWMxLWIwMTctYWU2MTBhZDEyNzg3XkEyXkFqcGdeQXVyNzU5OTExMQ@@._V1_SX1777_CR0,0,1777,999_AL_.jpg</fanart>
</item>

<item>
  <title>S02 E01 “A Tale of Two Cenas”</title>
  <link>https://www.dailymotion.com/embed/video/x6j4n4x?autoplay=1</link>
  <thumbnail>https://ia.media-imdb.com/images/M/MV5BZWJkNzYxMDktMTM0OS00MjQzLWIwMzEtODBjYjNmMjQwYTYxXkEyXkFqcGdeQXVyNjExODE1MDc@._V1_.jpg</thumbnail>
  <fanart>https://ia.media-imdb.com/images/M/MV5BYmZiZjUyMDMtYmEzMi00ZWMxLWIwMTctYWU2MTBhZDEyNzg3XkEyXkFqcGdeQXVyNzU5OTExMQ@@._V1_SX1777_CR0,0,1777,999_AL_.jpg</fanart>
</item> 

<item>
  <title>S02 E02 “The Ultimate Counselor”</title>
  <link>http://www.dailymotion.com/embed/video/x6jhhzm?autoplay=1</link>
  <thumbnail>https://ia.media-imdb.com/images/M/MV5BZWJkNzYxMDktMTM0OS00MjQzLWIwMzEtODBjYjNmMjQwYTYxXkEyXkFqcGdeQXVyNjExODE1MDc@._V1_.jpg</thumbnail>
  <fanart>https://ia.media-imdb.com/images/M/MV5BYmZiZjUyMDMtYmEzMi00ZWMxLWIwMTctYWU2MTBhZDEyNzg3XkEyXkFqcGdeQXVyNzU5OTExMQ@@._V1_SX1777_CR0,0,1777,999_AL_.jpg</fanart>
</item> 

<item>
  <title>S02 E03 "Blackjack Beauty"</title>
  <link>http://www.dailymotion.com/embed/video/x6jyj44?autoplay=1</link>
  <thumbnail>https://ia.media-imdb.com/images/M/MV5BZWJkNzYxMDktMTM0OS00MjQzLWIwMzEtODBjYjNmMjQwYTYxXkEyXkFqcGdeQXVyNjExODE1MDc@._V1_.jpg</thumbnail>
  <fanart>https://ia.media-imdb.com/images/M/MV5BYmZiZjUyMDMtYmEzMi00ZWMxLWIwMTctYWU2MTBhZDEyNzg3XkEyXkFqcGdeQXVyNzU5OTExMQ@@._V1_SX1777_CR0,0,1777,999_AL_.jpg</fanart>
</item> 

<item>
  <title>S02 E04 "The Truth Hurts"</title>
  <link>http://ww13.primego.org/x264/9j7vdFaLxkFeQD2/9j7vdFaLxkFeQD2.m3u8</link>
  <thumbnail>https://ia.media-imdb.com/images/M/MV5BZWJkNzYxMDktMTM0OS00MjQzLWIwMzEtODBjYjNmMjQwYTYxXkEyXkFqcGdeQXVyNjExODE1MDc@._V1_.jpg</thumbnail>
  <fanart>https://ia.media-imdb.com/images/M/MV5BYmZiZjUyMDMtYmEzMi00ZWMxLWIwMTctYWU2MTBhZDEyNzg3XkEyXkFqcGdeQXVyNzU5OTExMQ@@._V1_SX1777_CR0,0,1777,999_AL_.jpg</fanart>
</item> 

<item>
  <title>S02 E05 "Deep Slaughter"</title>
  <link>http://ww2.primego.org/x264/qqxNdoQefA46fWc/qqxNdoQefA46fWc.m3u8</link>
  <thumbnail>https://ia.media-imdb.com/images/M/MV5BZWJkNzYxMDktMTM0OS00MjQzLWIwMzEtODBjYjNmMjQwYTYxXkEyXkFqcGdeQXVyNjExODE1MDc@._V1_.jpg</thumbnail>
  <fanart>https://ia.media-imdb.com/images/M/MV5BYmZiZjUyMDMtYmEzMi00ZWMxLWIwMTctYWU2MTBhZDEyNzg3XkEyXkFqcGdeQXVyNzU5OTExMQ@@._V1_SX1777_CR0,0,1777,999_AL_.jpg</fanart>
</item> 