<item>
<title>WWE Extreme Rules 2018</title>
<thumbnail>https://image.tmdb.org/t/p/original/4BNGgaLE2x7lOluYtAZomBKlfOO.jpg</thumbnail>
<fanart>https://m.media-amazon.com/images/M/MV5BN2M4NjM3NTAtNWFlNy00Yzk2LTk1NDEtYThlZTY1Yjc5YWVhXkEyXkFqcGdeQXVyODAzNzAwOTU@._V1_.jpg</fanart>
</item>

<item>
<title>KICK OFF SHOW</title>
<link>http://ww13.primego.org/x264/b70FVkQotg5UKG1/b70FVkQotg5UKG1.m3u8</link>
<thumbnail>https://image.tmdb.org/t/p/original/4BNGgaLE2x7lOluYtAZomBKlfOO.jpg</thumbnail>
<fanart>https://m.media-amazon.com/images/M/MV5BN2M4NjM3NTAtNWFlNy00Yzk2LTk1NDEtYThlZTY1Yjc5YWVhXkEyXkFqcGdeQXVyODAzNzAwOTU@._V1_.jpg</fanart>
</item>

<item>
<title>PART 1</title>
<link>http://ww5.primego.org/x264/xXNYZmAMawXirpz/xXNYZmAMawXirpz.m3u8</link>
<thumbnail>https://image.tmdb.org/t/p/original/4BNGgaLE2x7lOluYtAZomBKlfOO.jpg</thumbnail>
<fanart>https://m.media-amazon.com/images/M/MV5BN2M4NjM3NTAtNWFlNy00Yzk2LTk1NDEtYThlZTY1Yjc5YWVhXkEyXkFqcGdeQXVyODAzNzAwOTU@._V1_.jpg</fanart>
</item>

<item>
<title>PART 2</title>
<link>http://ww8.primego.org/x264/veOsF6HgelPcZpE/veOsF6HgelPcZpE.m3u8</link>
<thumbnail>https://image.tmdb.org/t/p/original/4BNGgaLE2x7lOluYtAZomBKlfOO.jpg</thumbnail>
<fanart>https://m.media-amazon.com/images/M/MV5BN2M4NjM3NTAtNWFlNy00Yzk2LTk1NDEtYThlZTY1Yjc5YWVhXkEyXkFqcGdeQXVyODAzNzAwOTU@._V1_.jpg</fanart>
</item>

<item>
<title>PART 3</title>
<link>http://ww7.primego.org/x264/D3hAn3IpBLWQoEH/D3hAn3IpBLWQoEH.m3u8</link>
<thumbnail>https://image.tmdb.org/t/p/original/4BNGgaLE2x7lOluYtAZomBKlfOO.jpg</thumbnail>
<fanart>https://m.media-amazon.com/images/M/MV5BN2M4NjM3NTAtNWFlNy00Yzk2LTk1NDEtYThlZTY1Yjc5YWVhXkEyXkFqcGdeQXVyODAzNzAwOTU@._V1_.jpg</fanart>
</item>

<item>
<title>PART 4</title>
<link>http://ww2.primego.org/x264/em1tESS7zaMGWFz/em1tESS7zaMGWFz.m3u8</link>
<thumbnail>https://image.tmdb.org/t/p/original/4BNGgaLE2x7lOluYtAZomBKlfOO.jpg</thumbnail>
<fanart>https://m.media-amazon.com/images/M/MV5BN2M4NjM3NTAtNWFlNy00Yzk2LTk1NDEtYThlZTY1Yjc5YWVhXkEyXkFqcGdeQXVyODAzNzAwOTU@._V1_.jpg</fanart>
</item>

<item>
<title>POST SHOW</title>
<link>http://ww3.primego.org/x264/Y28ZUhxQsF1Avj8/Y28ZUhxQsF1Avj8.m3u8</link>
<thumbnail>https://image.tmdb.org/t/p/original/4BNGgaLE2x7lOluYtAZomBKlfOO.jpg</thumbnail>
<fanart>https://m.media-amazon.com/images/M/MV5BN2M4NjM3NTAtNWFlNy00Yzk2LTk1NDEtYThlZTY1Yjc5YWVhXkEyXkFqcGdeQXVyODAzNzAwOTU@._V1_.jpg</fanart>
</item>