<item>
<title>=====WWE GREATEST ROYAL RUMBLE 2018=====</title>
<thmbnail>https://ia.media-imdb.com/images/M/MV5BNDU4OTNkMjEtZmQyOC00MTVkLWE4YWItZDQyMTJkYjA0YTY0XkEyXkFqcGdeQXVyMzQwNDk2ODM@._V1_.jpg</thumbnail>
</item>

<item>
<title>KICK - OFF SHOW</title>
<link>http://ww11.primego.org/x264/EPBJ7W97DcTswl0/EPBJ7W97DcTswl0.m3u8</link>
<thmbnail>https://ia.media-imdb.com/images/M/MV5BNDU4OTNkMjEtZmQyOC00MTVkLWE4YWItZDQyMTJkYjA0YTY0XkEyXkFqcGdeQXVyMzQwNDk2ODM@._V1_.jpg</thumbnail>
</item>

<item>
<title>LINK 1</title>
<link>http://dl.tehmoviez.xyz/94/97/2/WWE%20Greatest%20Royal%20Rumble%202018%20PPV%20480p%20.mkv</link>
<thmbnail>https://ia.media-imdb.com/images/M/MV5BNDU4OTNkMjEtZmQyOC00MTVkLWE4YWItZDQyMTJkYjA0YTY0XkEyXkFqcGdeQXVyMzQwNDk2ODM@._V1_.jpg</thumbnail>
</item>

<item>
<title>LINK 2 PART 1</title>
<link>http://ww11.primego.org/x264/k3bbVZVIBfWpdUn/k3bbVZVIBfWpdUn.m3u8</link>
<thmbnail>https://ia.media-imdb.com/images/M/MV5BNDU4OTNkMjEtZmQyOC00MTVkLWE4YWItZDQyMTJkYjA0YTY0XkEyXkFqcGdeQXVyMzQwNDk2ODM@._V1_.jpg</thumbnail>
</item>

<item>
<title>LINK 2 PART 2</title>
<link>http://ww7.primego.org/x264/D1dBUmMrYzxMBTW/D1dBUmMrYzxMBTW.m3u8</link>
<thmbnail>https://ia.media-imdb.com/images/M/MV5BNDU4OTNkMjEtZmQyOC00MTVkLWE4YWItZDQyMTJkYjA0YTY0XkEyXkFqcGdeQXVyMzQwNDk2ODM@._V1_.jpg</thumbnail>
</item>

<item>
<title>LINK 2 PART 3</title>
<link>http://ww4.primego.org/x264/Xf1bloXHjrBY4tg/Xf1bloXHjrBY4tg.m3u8</link>
<thmbnail>https://ia.media-imdb.com/images/M/MV5BNDU4OTNkMjEtZmQyOC00MTVkLWE4YWItZDQyMTJkYjA0YTY0XkEyXkFqcGdeQXVyMzQwNDk2ODM@._V1_.jpg</thumbnail>
</item>

<item>
<title>LINK 2 PART 4</title>
<link>http://ww4.primego.org/x264/3uFJ4MZtkNbzxXH/3uFJ4MZtkNbzxXH.m3u8</link>
<thmbnail>https://ia.media-imdb.com/images/M/MV5BNDU4OTNkMjEtZmQyOC00MTVkLWE4YWItZDQyMTJkYjA0YTY0XkEyXkFqcGdeQXVyMzQwNDk2ODM@._V1_.jpg</thumbnail>
</item>

<item>
<title>LINK 2 PART 5</title>
<link>http://ww2.primego.org/x264/pGibVtxlN39QqpH/pGibVtxlN39QqpH.m3u8</link>
<thmbnail>https://ia.media-imdb.com/images/M/MV5BNDU4OTNkMjEtZmQyOC00MTVkLWE4YWItZDQyMTJkYjA0YTY0XkEyXkFqcGdeQXVyMzQwNDk2ODM@._V1_.jpg</thumbnail>
</item>