<item>
<title>Impact Wrestling 26/07/2018</title>
<thumbnail>https://upload.wikimedia.org/wikipedia/en/thumb/8/87/Slammiversary-2018-800x1280fit.jpg/220px-Slammiversary-2018-800x1280fit.jpg</thumbnail>
<fanart>https://m.media-amazon.com/images/M/MV5BN2ViMzQwMjQtZjEyOS00ZGNiLTg3OWUtNjFmZDEwN2FiNmFlXkEyXkFqcGdeQXVyNTk1ODMyNjA@._V1_SX1777_CR0,0,1777,999_AL_.jpg</fanart>
</item>

<item>
<title>PART 1</title>
<link>https://www.dailymotion.com/embed/video/ktxnJ9LnUc7UhnrxsxP?syndication=0?logo=0&autoPlay=1&quality=720&related=0</link>
<thumbnail>https://upload.wikimedia.org/wikipedia/en/thumb/8/87/Slammiversary-2018-800x1280fit.jpg/220px-Slammiversary-2018-800x1280fit.jpg</thumbnail>
<fanart>https://m.media-amazon.com/images/M/MV5BN2ViMzQwMjQtZjEyOS00ZGNiLTg3OWUtNjFmZDEwN2FiNmFlXkEyXkFqcGdeQXVyNTk1ODMyNjA@._V1_SX1777_CR0,0,1777,999_AL_.jpg</fanart>
</item>

<item>
<title>PART 2</title>
<link>https://www.dailymotion.com/embed/video/k4sTdaddXxgzmprxsxQ?syndication=0?logo=0&autoPlay=1&quality=720&related=0</link>
<thumbnail>https://upload.wikimedia.org/wikipedia/en/thumb/8/87/Slammiversary-2018-800x1280fit.jpg/220px-Slammiversary-2018-800x1280fit.jpg</thumbnail>
<fanart>https://m.media-amazon.com/images/M/MV5BN2ViMzQwMjQtZjEyOS00ZGNiLTg3OWUtNjFmZDEwN2FiNmFlXkEyXkFqcGdeQXVyNTk1ODMyNjA@._V1_SX1777_CR0,0,1777,999_AL_.jpg</fanart>
</item>

<item>
<title>[COLOR gold]-------------------------------------------------------------------[/COLOR]</title>
</item>

<item>
<title>Impact Wrestling 19/07/2018</title>
<thumbnail>https://upload.wikimedia.org/wikipedia/en/thumb/8/87/Slammiversary-2018-800x1280fit.jpg/220px-Slammiversary-2018-800x1280fit.jpg</thumbnail>
<fanart>https://m.media-amazon.com/images/M/MV5BN2ViMzQwMjQtZjEyOS00ZGNiLTg3OWUtNjFmZDEwN2FiNmFlXkEyXkFqcGdeQXVyNTk1ODMyNjA@._V1_SX1777_CR0,0,1777,999_AL_.jpg</fanart>
</item>

<item>
<title>PART 1</title>
<link>https://www.dailymotion.com/embed/video/kbyWAhOYfcq0d8ruuMT?syndication=0?logo=0&autoPlay=1&quality=720&related=0</link>
<thumbnail>https://upload.wikimedia.org/wikipedia/en/thumb/8/87/Slammiversary-2018-800x1280fit.jpg/220px-Slammiversary-2018-800x1280fit.jpg</thumbnail>
<fanart>https://m.media-amazon.com/images/M/MV5BN2ViMzQwMjQtZjEyOS00ZGNiLTg3OWUtNjFmZDEwN2FiNmFlXkEyXkFqcGdeQXVyNTk1ODMyNjA@._V1_SX1777_CR0,0,1777,999_AL_.jpg</fanart>
</item>

<item>
<title>PART 2</title>
<link>https://www.dailymotion.com/embed/video/k2nT69o3vQH31wruuMU?syndication=0?logo=0&autoPlay=1&quality=720&related=0</link>
<thumbnail>https://upload.wikimedia.org/wikipedia/en/thumb/8/87/Slammiversary-2018-800x1280fit.jpg/220px-Slammiversary-2018-800x1280fit.jpg</thumbnail>
<fanart>https://m.media-amazon.com/images/M/MV5BN2ViMzQwMjQtZjEyOS00ZGNiLTg3OWUtNjFmZDEwN2FiNmFlXkEyXkFqcGdeQXVyNTk1ODMyNjA@._V1_SX1777_CR0,0,1777,999_AL_.jpg</fanart>
</item>

<item>
<title>PART 3</title>
<link>https://www.dailymotion.com/embed/video/k529uZm8bT9xaBruuMS?syndication=0?logo=0&autoPlay=1&quality=720&related=0</link>
<thumbnail>https://upload.wikimedia.org/wikipedia/en/thumb/8/87/Slammiversary-2018-800x1280fit.jpg/220px-Slammiversary-2018-800x1280fit.jpg</thumbnail>
<fanart>https://m.media-amazon.com/images/M/MV5BN2ViMzQwMjQtZjEyOS00ZGNiLTg3OWUtNjFmZDEwN2FiNmFlXkEyXkFqcGdeQXVyNTk1ODMyNjA@._V1_SX1777_CR0,0,1777,999_AL_.jpg</fanart>
</item>

<item>
<title>[COLOR gold]-------------------------------------------------------------------[/COLOR]</title>
</item>

<item>
<title>Impact Wrestling 19/07/2018</title>
<thumbnail>https://image.tmdb.org/t/p/original/dizHAgvBN6Upzd5ysHz9GYZJcCD.jpg</thumbnail>
<fanart>https://m.media-amazon.com/images/M/MV5BN2ViMzQwMjQtZjEyOS00ZGNiLTg3OWUtNjFmZDEwN2FiNmFlXkEyXkFqcGdeQXVyNTk1ODMyNjA@._V1_SX1777_CR0,0,1777,999_AL_.jpg</fanart>
</item>

<item>
<title>PART 1</title>
<link>http://www.dailymotion.com/embed/video/k5SesAFOsBMbzwrrMvA?syndication=135913&autoplay=1</link>
<thumbnail>https://image.tmdb.org/t/p/original/dizHAgvBN6Upzd5ysHz9GYZJcCD.jpg</thumbnail>
<fanart>https://m.media-amazon.com/images/M/MV5BN2ViMzQwMjQtZjEyOS00ZGNiLTg3OWUtNjFmZDEwN2FiNmFlXkEyXkFqcGdeQXVyNTk1ODMyNjA@._V1_SX1777_CR0,0,1777,999_AL_.jpg</fanart>
</item>

<item>
<title>PART 2</title>
<link>http://www.dailymotion.com/embed/video/k2pHUSe5hBMlEErrMvC?syndication=135913&autoplay=1</link>
<thumbnail>https://image.tmdb.org/t/p/original/dizHAgvBN6Upzd5ysHz9GYZJcCD.jpg</thumbnail>
<fanart>https://m.media-amazon.com/images/M/MV5BN2ViMzQwMjQtZjEyOS00ZGNiLTg3OWUtNjFmZDEwN2FiNmFlXkEyXkFqcGdeQXVyNTk1ODMyNjA@._V1_SX1777_CR0,0,1777,999_AL_.jpg</fanart>
</item>

<item>
<title>[COLOR gold]-------------------------------------------------------------------[/COLOR]</title>
</item>

<item>
<title>Impact Wrestling 13/07/2018</title>
<thumbnail>https://image.tmdb.org/t/p/original/dizHAgvBN6Upzd5ysHz9GYZJcCD.jpg</thumbnail>
<fanart>https://m.media-amazon.com/images/M/MV5BN2ViMzQwMjQtZjEyOS00ZGNiLTg3OWUtNjFmZDEwN2FiNmFlXkEyXkFqcGdeQXVyNTk1ODMyNjA@._V1_SX1777_CR0,0,1777,999_AL_.jpg</fanart>
</item>

<item>
<title>PART 1</title>
<link>https://www.dailymotion.com/embed/video/k2OzYfU0tB6AXbrkv9j?syndication=0?logo=0&autoPlay=1&quality=720&related=0</link>
<thumbnail>https://image.tmdb.org/t/p/original/dizHAgvBN6Upzd5ysHz9GYZJcCD.jpg</thumbnail>
<fanart>https://m.media-amazon.com/images/M/MV5BN2ViMzQwMjQtZjEyOS00ZGNiLTg3OWUtNjFmZDEwN2FiNmFlXkEyXkFqcGdeQXVyNTk1ODMyNjA@._V1_SX1777_CR0,0,1777,999_AL_.jpg</fanart>
</item>

<item>
<title>PART 2</title>
<link>https://www.dailymotion.com/embed/video/k5R5y61MD7WFLNrkv9k?syndication=0?logo=0&autoPlay=1&quality=720&related=0</link>
<thumbnail>https://image.tmdb.org/t/p/original/dizHAgvBN6Upzd5ysHz9GYZJcCD.jpg</thumbnail>
<fanart>https://m.media-amazon.com/images/M/MV5BN2ViMzQwMjQtZjEyOS00ZGNiLTg3OWUtNjFmZDEwN2FiNmFlXkEyXkFqcGdeQXVyNTk1ODMyNjA@._V1_SX1777_CR0,0,1777,999_AL_.jpg</fanart>
</item>

<item>
<title>[COLOR gold]-------------------------------------------------------------------[/COLOR]</title>
</item>

<item>
<title>Impact Wrestling Rise of The Knockouts 07/07/2018</title>
<thumbnail>https://image.tmdb.org/t/p/original/dizHAgvBN6Upzd5ysHz9GYZJcCD.jpg</thumbnail>
<fanart>https://m.media-amazon.com/images/M/MV5BN2ViMzQwMjQtZjEyOS00ZGNiLTg3OWUtNjFmZDEwN2FiNmFlXkEyXkFqcGdeQXVyNTk1ODMyNjA@._V1_SX1777_CR0,0,1777,999_AL_.jpg</fanart>
</item>

<item>
<title>PART 1</title>
<link>https://www.dailymotion.com/embed/video/k2x6OXbbGbSNwMrhdFr?syndication=0?logo=0&autoPlay=1&quality=720&related=0</link>
<thumbnail>https://image.tmdb.org/t/p/original/dizHAgvBN6Upzd5ysHz9GYZJcCD.jpg</thumbnail>
<fanart>https://m.media-amazon.com/images/M/MV5BN2ViMzQwMjQtZjEyOS00ZGNiLTg3OWUtNjFmZDEwN2FiNmFlXkEyXkFqcGdeQXVyNTk1ODMyNjA@._V1_SX1777_CR0,0,1777,999_AL_.jpg</fanart>
</item>

<item>
<title>PART 2</title>
<link>https://www.dailymotion.com/embed/video/k3cXVscV0dy4mQrhdFs?syndication=0?logo=0&autoPlay=1&quality=720&related=0</link>
<thumbnail>https://image.tmdb.org/t/p/original/dizHAgvBN6Upzd5ysHz9GYZJcCD.jpg</thumbnail>
<fanart>https://m.media-amazon.com/images/M/MV5BN2ViMzQwMjQtZjEyOS00ZGNiLTg3OWUtNjFmZDEwN2FiNmFlXkEyXkFqcGdeQXVyNTk1ODMyNjA@._V1_SX1777_CR0,0,1777,999_AL_.jpg</fanart>
</item>

<item>
<title>[COLOR gold]-------------------------------------------------------------------[/COLOR]</title>
</item>

<item>
<title>Impact Wrestling 05/07/2018</title>
<thumbnail>https://image.tmdb.org/t/p/original/dizHAgvBN6Upzd5ysHz9GYZJcCD.jpg</thumbnail>
<fanart>https://m.media-amazon.com/images/M/MV5BN2ViMzQwMjQtZjEyOS00ZGNiLTg3OWUtNjFmZDEwN2FiNmFlXkEyXkFqcGdeQXVyNTk1ODMyNjA@._V1_SX1777_CR0,0,1777,999_AL_.jpg</fanart>
</item>

<item>
<title>PART 1</title>
<link>https://www.dailymotion.com/embed/video/krDlHvqP7nB9yyrfdV2?syndication=0?logo=0&autoPlay=1&quality=720&related=0</link>
<thumbnail>https://image.tmdb.org/t/p/original/dizHAgvBN6Upzd5ysHz9GYZJcCD.jpg</thumbnail>
<fanart>https://m.media-amazon.com/images/M/MV5BN2ViMzQwMjQtZjEyOS00ZGNiLTg3OWUtNjFmZDEwN2FiNmFlXkEyXkFqcGdeQXVyNTk1ODMyNjA@._V1_SX1777_CR0,0,1777,999_AL_.jpg</fanart>
</item>

<item>
<title>PART 2</title>
<link>https://www.dailymotion.com/embed/video/k2hqOIClojCpiVrfdV3?syndication=0?logo=0&autoPlay=1&quality=720&related=0</link>
<thumbnail>https://image.tmdb.org/t/p/original/dizHAgvBN6Upzd5ysHz9GYZJcCD.jpg</thumbnail>
<fanart>https://m.media-amazon.com/images/M/MV5BN2ViMzQwMjQtZjEyOS00ZGNiLTg3OWUtNjFmZDEwN2FiNmFlXkEyXkFqcGdeQXVyNTk1ODMyNjA@._V1_SX1777_CR0,0,1777,999_AL_.jpg</fanart>
</item>

<item>
<title>[COLOR gold]-------------------------------------------------------------------[/COLOR]</title>
</item>

<item>
<title>Impact Wrestling 28/06/2018</title>
<thumbnail>https://image.tmdb.org/t/p/original/dizHAgvBN6Upzd5ysHz9GYZJcCD.jpg</thumbnail>
<fanart>https://m.media-amazon.com/images/M/MV5BN2ViMzQwMjQtZjEyOS00ZGNiLTg3OWUtNjFmZDEwN2FiNmFlXkEyXkFqcGdeQXVyNTk1ODMyNjA@._V1_SX1777_CR0,0,1777,999_AL_.jpg</fanart>
</item>

<item>
<title>PART 1</title>
<link>https://www.dailymotion.com/embed/video/k37Km0uWLQsHTKraFmw?syndication=0?logo=0&autoPlay=1&quality=720&related=0</link>
<thumbnail>https://image.tmdb.org/t/p/original/dizHAgvBN6Upzd5ysHz9GYZJcCD.jpg</thumbnail>
<fanart>https://m.media-amazon.com/images/M/MV5BN2ViMzQwMjQtZjEyOS00ZGNiLTg3OWUtNjFmZDEwN2FiNmFlXkEyXkFqcGdeQXVyNTk1ODMyNjA@._V1_SX1777_CR0,0,1777,999_AL_.jpg</fanart>
</item>

<item>
<title>PART 2</title>
<link>https://www.dailymotion.com/embed/video/k1uDmtZgpYKCaIraFmx?syndication=0?logo=0&autoPlay=1&quality=720&related=0</link>
<thumbnail>https://image.tmdb.org/t/p/original/dizHAgvBN6Upzd5ysHz9GYZJcCD.jpg</thumbnail>
<fanart>https://m.media-amazon.com/images/M/MV5BN2ViMzQwMjQtZjEyOS00ZGNiLTg3OWUtNjFmZDEwN2FiNmFlXkEyXkFqcGdeQXVyNTk1ODMyNjA@._V1_SX1777_CR0,0,1777,999_AL_.jpg</fanart>
</item>

<item>
<title>[COLOR gold]-------------------------------------------------------------------[/COLOR]</title>
</item>

<item>
<title>Impact Wrestling 21/06/2018</title>
<thumbnail>https://image.tmdb.org/t/p/original/dizHAgvBN6Upzd5ysHz9GYZJcCD.jpg</thumbnail>
<fanart>https://m.media-amazon.com/images/M/MV5BN2ViMzQwMjQtZjEyOS00ZGNiLTg3OWUtNjFmZDEwN2FiNmFlXkEyXkFqcGdeQXVyNTk1ODMyNjA@._V1_SX1777_CR0,0,1777,999_AL_.jpg</fanart>
</item>

<item>
<title>PART 1</title>
<link>https://www.dailymotion.com/embed/video/kzIOFNdr3iss8nr6kxy?syndication=0?logo=0&autoPlay=1&quality=720&related=0</link>
<thumbnail>https://image.tmdb.org/t/p/original/dizHAgvBN6Upzd5ysHz9GYZJcCD.jpg</thumbnail>
<fanart>https://m.media-amazon.com/images/M/MV5BN2ViMzQwMjQtZjEyOS00ZGNiLTg3OWUtNjFmZDEwN2FiNmFlXkEyXkFqcGdeQXVyNTk1ODMyNjA@._V1_SX1777_CR0,0,1777,999_AL_.jpg</fanart>
</item>

<item>
<title>PART 2</title>
<link>https://www.dailymotion.com/embed/video/k4cETD4EsqFuqjr6kxx?syndication=0?logo=0&autoPlay=1&quality=720&related=0</link>
<thumbnail>https://image.tmdb.org/t/p/original/dizHAgvBN6Upzd5ysHz9GYZJcCD.jpg</thumbnail>
<fanart>https://m.media-amazon.com/images/M/MV5BN2ViMzQwMjQtZjEyOS00ZGNiLTg3OWUtNjFmZDEwN2FiNmFlXkEyXkFqcGdeQXVyNTk1ODMyNjA@._V1_SX1777_CR0,0,1777,999_AL_.jpg</fanart>
</item>

<item>
<title>[COLOR gold]-------------------------------------------------------------------[/COLOR]</title>
</item>

<item>
<title>TNA One Night Only ZeroFear 2018 16/06/18</title>
<thumbnail>https://image.tmdb.org/t/p/w600_and_h900_bestv2/laLYMSOwGHZXyCcCRsEqffy9jeH.jpg</thumbnail>
<fanart>https://image.tmdb.org/t/p/w600_and_h900_bestv2/laLYMSOwGHZXyCcCRsEqffy9jeH.jpg</fanart>
</item>

<item>
<title>PART 1</title>
<link>https://www.dailymotion.com/embed/video/k2sqM20pAgkNo8r4ch2?syndication=0?logo=0&autoPlay=1&quality=720&related=0</link>
<thumbnail>https://image.tmdb.org/t/p/w600_and_h900_bestv2/laLYMSOwGHZXyCcCRsEqffy9jeH.jpg</thumbnail>
<fanart>https://image.tmdb.org/t/p/w600_and_h900_bestv2/laLYMSOwGHZXyCcCRsEqffy9jeH.jpg</fanart>
</item>

<item>
<title>PART 2</title>
<link>https://www.dailymotion.com/embed/video/k3i52EdyJba0uar4ch3?syndication=0?logo=0&autoPlay=1&quality=720&related=0</link>
<thumbnail>https://image.tmdb.org/t/p/w600_and_h900_bestv2/laLYMSOwGHZXyCcCRsEqffy9jeH.jpg</thumbnail>
<fanart>https://image.tmdb.org/t/p/w600_and_h900_bestv2/laLYMSOwGHZXyCcCRsEqffy9jeH.jpg</fanart>
</item>

<item>
<title>PART 3</title>
<link>https://www.dailymotion.com/embed/video/k435GAEB4QDKIrr4ch1?syndication=0?logo=0&autoPlay=1&quality=720&related=0</link>
<thumbnail>https://image.tmdb.org/t/p/w600_and_h900_bestv2/laLYMSOwGHZXyCcCRsEqffy9jeH.jpg</thumbnail>
<fanart>https://image.tmdb.org/t/p/w600_and_h900_bestv2/laLYMSOwGHZXyCcCRsEqffy9jeH.jpg</fanart>
</item>

<item>
<title>[COLOR gold]-------------------------------------------------------------------[/COLOR]</title>
</item>

<item>
<title>GFW Impact Wrestling 15/06/2018</title>
<thumbnail>https://image.tmdb.org/t/p/original/dizHAgvBN6Upzd5ysHz9GYZJcCD.jpg</thumbnail>
<fanart>https://m.media-amazon.com/images/M/MV5BN2ViMzQwMjQtZjEyOS00ZGNiLTg3OWUtNjFmZDEwN2FiNmFlXkEyXkFqcGdeQXVyNTk1ODMyNjA@._V1_SX1777_CR0,0,1777,999_AL_.jpg</fanart>
</item>

<item>
<title>PART 1</title>
<link>https://www.dailymotion.com/embed/video/k1greigtBIHwEPr2Kkq?syndication=0?logo=0&autoPlay=1&quality=720&related=0</link>
<thumbnail>https://image.tmdb.org/t/p/original/dizHAgvBN6Upzd5ysHz9GYZJcCD.jpg</thumbnail>
<fanart>https://m.media-amazon.com/images/M/MV5BN2ViMzQwMjQtZjEyOS00ZGNiLTg3OWUtNjFmZDEwN2FiNmFlXkEyXkFqcGdeQXVyNTk1ODMyNjA@._V1_SX1777_CR0,0,1777,999_AL_.jpg</fanart>
</item>

<item>
<title>PART 2</title>
<link>https://www.dailymotion.com/embed/video/k1hVkbr2PCesp9r2Kkr?syndication=0?logo=0&autoPlay=1&quality=720&related=0</link>
<thumbnail>https://image.tmdb.org/t/p/original/dizHAgvBN6Upzd5ysHz9GYZJcCD.jpg</thumbnail>
<fanart>https://m.media-amazon.com/images/M/MV5BN2ViMzQwMjQtZjEyOS00ZGNiLTg3OWUtNjFmZDEwN2FiNmFlXkEyXkFqcGdeQXVyNTk1ODMyNjA@._V1_SX1777_CR0,0,1777,999_AL_.jpg</fanart>
</item>