<item>
<title>Lucha UnderGround S04 E07</title>
<link>https://www.dailymotion.com/embed/video/k1rDK6rAypKABfrx9yW?syndication=0?logo=0&autoPlay=1&quality=720&related=0</link>
<thumbnail>https://m.media-amazon.com/images/M/MV5BMTQ2MjA1NjYxMV5BMl5BanBnXkFtZTgwNjc3NDY3NzE@._V1_SY1000_CR0,0,674,1000_AL_.jpg</thumbnail>
<fanart>https://m.media-amazon.com/images/M/MV5BOTBmNmY3OGYtOGE0Ni00MTIwLTkyMzMtMjY5Y2RhYzcxYjJjXkEyXkFqcGdeQXVyNTM3MDMyMDQ@._V1_.jpg</fanart>
</item>

<item>
<title>[COLOR gold]-------------------------------------------------------------------[/COLOR]</title>
</item>

<item>
<title>Lucha UnderGround S04 E06</title>
<link>https://www.dailymotion.com/embed/video/kuJRbYYpK4aXLUrruio?syndication=0?logo=0&autoPlay=1&quality=720&related=0</link>
<thumbnail>https://m.media-amazon.com/images/M/MV5BMTQ2MjA1NjYxMV5BMl5BanBnXkFtZTgwNjc3NDY3NzE@._V1_SY1000_CR0,0,674,1000_AL_.jpg</thumbnail>
<fanart>https://m.media-amazon.com/images/M/MV5BOTBmNmY3OGYtOGE0Ni00MTIwLTkyMzMtMjY5Y2RhYzcxYjJjXkEyXkFqcGdeQXVyNTM3MDMyMDQ@._V1_.jpg</fanart>
</item>

<item>
<title>[COLOR gold]-------------------------------------------------------------------[/COLOR]</title>
</item>

<item>
<title>Lucha UnderGround S04 E05</title>
<link>https://www.dailymotion.com/embed/video/k2iOUoC49UhhA1rjZoa?syndication=0?logo=0&autoPlay=1&quality=720&related=0</link>
<thumbnail>https://m.media-amazon.com/images/M/MV5BMTQ2MjA1NjYxMV5BMl5BanBnXkFtZTgwNjc3NDY3NzE@._V1_SY1000_CR0,0,674,1000_AL_.jpg</thumbnail>
<fanart>https://m.media-amazon.com/images/M/MV5BOTBmNmY3OGYtOGE0Ni00MTIwLTkyMzMtMjY5Y2RhYzcxYjJjXkEyXkFqcGdeQXVyNTM3MDMyMDQ@._V1_.jpg</fanart>
</item>

<item>
<title>[COLOR gold]-------------------------------------------------------------------[/COLOR]</title>
</item>

<item>
<title>Lucha UnderGround S04 E04</title>
<link>https://www.dailymotion.com/embed/video/k3O5jAxyGty6v5rfb1z?syndication=0?logo=0&autoPlay=1&quality=720&related=0</link>
<thumbnail>https://m.media-amazon.com/images/M/MV5BMTQ2MjA1NjYxMV5BMl5BanBnXkFtZTgwNjc3NDY3NzE@._V1_SY1000_CR0,0,674,1000_AL_.jpg</thumbnail>
<fanart>https://m.media-amazon.com/images/M/MV5BOTBmNmY3OGYtOGE0Ni00MTIwLTkyMzMtMjY5Y2RhYzcxYjJjXkEyXkFqcGdeQXVyNTM3MDMyMDQ@._V1_.jpg</fanart>
</item>

<item>
<title>[COLOR gold]-------------------------------------------------------------------[/COLOR]</title>
</item>

<item>
<title>Lucha UnderGround S04 E03</title>
<link>https://www.dailymotion.com/embed/video/k64Wwnh1XgZ9uWramQR?syndication=0?logo=0&autoPlay=1&quality=720&related=0</link>
<thumbnail>https://m.media-amazon.com/images/M/MV5BMTQ2MjA1NjYxMV5BMl5BanBnXkFtZTgwNjc3NDY3NzE@._V1_SY1000_CR0,0,674,1000_AL_.jpg</thumbnail>
<fanart>https://m.media-amazon.com/images/M/MV5BOTBmNmY3OGYtOGE0Ni00MTIwLTkyMzMtMjY5Y2RhYzcxYjJjXkEyXkFqcGdeQXVyNTM3MDMyMDQ@._V1_.jpg</fanart>
</item>

<item>
<title>[COLOR gold]-------------------------------------------------------------------[/COLOR]</title>
</item>

<item>
<title>Lucha UnderGround S04E02</title>
<link>https://www.dailymotion.com/embed/video/k2eBDfjWADlvMyr651F?syndication=0?logo=0&autoPlay=1&quality=720&related=0</link>
<thumbnail>https://m.media-amazon.com/images/M/MV5BMTQ2MjA1NjYxMV5BMl5BanBnXkFtZTgwNjc3NDY3NzE@._V1_SY1000_CR0,0,674,1000_AL_.jpg</thumbnail>
<fanart>https://m.media-amazon.com/images/M/MV5BOTBmNmY3OGYtOGE0Ni00MTIwLTkyMzMtMjY5Y2RhYzcxYjJjXkEyXkFqcGdeQXVyNTM3MDMyMDQ@._V1_.jpg</fanart>
</item>