<item>
<title>Main Event 27/7/2018</title>
<link>http://ww9.primego.org/x264/3Vw4wDZfyscN43N/3Vw4wDZfyscN43N.m3u8</link>
<thumbnail>https://image.tmdb.org/t/p/w600_and_h900_bestv2/b0jQ9ut2IgrBaM3DXH43qNmdOCn.jpg</thumbnail>
<fanart>https://m.media-amazon.com/images/M/MV5BZDRjMmQyNGUtZDQxYS00NGI5LWE5NWEtNzlhNjkwZDE4YjEwXkEyXkFqcGdeQXVyNjc3NTE3NTM@._V1_.jpg</fanart>
</item>

<item>
<title>[COLOR gold]-------------------------------------------------------------------[/COLOR]</title>
</item>

<item>
<title>Main Event 20/7/2018</title>
<link>http://ww13.primego.org/x264/g5ioYwvXAOgHVdx/g5ioYwvXAOgHVdx.m3u8</link>
<thumbnail>https://image.tmdb.org/t/p/w600_and_h900_bestv2/b0jQ9ut2IgrBaM3DXH43qNmdOCn.jpg</thumbnail>
<fanart>https://m.media-amazon.com/images/M/MV5BZDRjMmQyNGUtZDQxYS00NGI5LWE5NWEtNzlhNjkwZDE4YjEwXkEyXkFqcGdeQXVyNjc3NTE3NTM@._V1_.jpg</fanart>
</item>

<item>
<title>[COLOR gold]-------------------------------------------------------------------[/COLOR]</title>
</item>

<item>
<title>Main Event 13/7/2018</title>
<link>http://ww4.primego.org/x264/vUSIC06TT7kTV8y/vUSIC06TT7kTV8y.m3u8</link>
<thumbnail>https://image.tmdb.org/t/p/w600_and_h900_bestv2/b0jQ9ut2IgrBaM3DXH43qNmdOCn.jpg</thumbnail>
<fanart>https://m.media-amazon.com/images/M/MV5BZDRjMmQyNGUtZDQxYS00NGI5LWE5NWEtNzlhNjkwZDE4YjEwXkEyXkFqcGdeQXVyNjc3NTE3NTM@._V1_.jpg</fanart>
</item>

<item>
<title>[COLOR gold]-------------------------------------------------------------------[/COLOR]</title>
</item>

<item>
<title>Main Event 5/7/2018</title>
<link>http://ww5.primego.org/x264/stX53UvEQbSKMat/stX53UvEQbSKMat.m3u8</link>
<thumbnail>https://image.tmdb.org/t/p/w600_and_h900_bestv2/b0jQ9ut2IgrBaM3DXH43qNmdOCn.jpg</thumbnail>
<fanart>https://m.media-amazon.com/images/M/MV5BZDRjMmQyNGUtZDQxYS00NGI5LWE5NWEtNzlhNjkwZDE4YjEwXkEyXkFqcGdeQXVyNjc3NTE3NTM@._V1_.jpg</fanart>
</item>

<item>
<title>[COLOR gold]-------------------------------------------------------------------[/COLOR]</title>
</item>

<item>
<title>Main Event 28/6/2018</title>
<link>http://ww4.primego.org/x264/uKsi1NA7JQWI2BW/uKsi1NA7JQWI2BW.m3u8</link>
<thumbnail>https://image.tmdb.org/t/p/w600_and_h900_bestv2/b0jQ9ut2IgrBaM3DXH43qNmdOCn.jpg</thumbnail>
<fanart>https://m.media-amazon.com/images/M/MV5BZDRjMmQyNGUtZDQxYS00NGI5LWE5NWEtNzlhNjkwZDE4YjEwXkEyXkFqcGdeQXVyNjc3NTE3NTM@._V1_.jpg</fanart>
</item>