<item>
<title>Miz And Mrs S01E02</title>
<link>http://ww7.primego.org/x264/evA2eSRciOGYCmn/evA2eSRciOGYCmn.m3u8</link>
<thumbnail>http://www.gstatic.com/tv/thumb/tvbanners/15575729/p15575729_b_v8_ab.jpg</thumbnail>
<fanart>https://image.tmdb.org/t/p/original/r4nk1GMYQ8KnJm0V2ZMDRbbY2U3.jpg</fanart>
</item>

<item>
<title>Miz And Mrs S01E01</title>
<link>http://ww7.primego.org/x264/sbyQ5GpYtQrR4yf/sbyQ5GpYtQrR4yf.m3u8</link>
<thumbnail>http://www.gstatic.com/tv/thumb/tvbanners/15575729/p15575729_b_v8_ab.jpg</thumbnail>
<fanart>https://image.tmdb.org/t/p/original/r4nk1GMYQ8KnJm0V2ZMDRbbY2U3.jpg</fanart>
</item>