<item>
<title>MONEY IN THE BANK 2018</title>
<thumbnail>https://image.tmdb.org/t/p/w600_and_h900_bestv2/uSjyagt3AJcfOC4nPCkpFd5IwsH.jpg</thumbnail>
  <fanart>https://image.tmdb.org/t/p/w600_and_h900_bestv2/uSjyagt3AJcfOC4nPCkpFd5IwsH.jpg</fanart>
</item>

<item>
<title>FULL SHOW</title>
<link>http://dl.tehmoviez.download/94/97/3/WWE%20Money%20In%20The%20Bank%202018%20PPV%20HDTV.mkv</link>
<thumbnail>https://image.tmdb.org/t/p/w600_and_h900_bestv2/uSjyagt3AJcfOC4nPCkpFd5IwsH.jpg</thumbnail>
  <fanart>https://image.tmdb.org/t/p/w600_and_h900_bestv2/uSjyagt3AJcfOC4nPCkpFd5IwsH.jpg</fanart>
</item>

<item>
<title>KICK OFF SHOW</title>
<link>http://ww10.primego.org/x264/zEfjH4g43FE5vvg/zEfjH4g43FE5vvg.m3u8</link>
<thumbnail>https://image.tmdb.org/t/p/w600_and_h900_bestv2/uSjyagt3AJcfOC4nPCkpFd5IwsH.jpg</thumbnail>
  <fanart>https://image.tmdb.org/t/p/w600_and_h900_bestv2/uSjyagt3AJcfOC4nPCkpFd5IwsH.jpg</fanart>
</item>

<item>
<title>PART 1</title>
<link>http://ww11.primego.org/x264/NyFLOXPGT6zwXRn/NyFLOXPGT6zwXRn.m3u8</link>
<thumbnail>https://image.tmdb.org/t/p/w600_and_h900_bestv2/uSjyagt3AJcfOC4nPCkpFd5IwsH.jpg</thumbnail>
  <fanart>https://image.tmdb.org/t/p/w600_and_h900_bestv2/uSjyagt3AJcfOC4nPCkpFd5IwsH.jpg</fanart>
</item>

<item>
<title>PART 2</title>
<link>http://ww13.primego.org/x264/mUJ0IC3DARwUgfW/mUJ0IC3DARwUgfW.m3u8</link>
<thumbnail>https://image.tmdb.org/t/p/w600_and_h900_bestv2/uSjyagt3AJcfOC4nPCkpFd5IwsH.jpg</thumbnail>
  <fanart>https://image.tmdb.org/t/p/w600_and_h900_bestv2/uSjyagt3AJcfOC4nPCkpFd5IwsH.jpg</fanart>
</item>

<item>
<title>PART 3</title>
<link>http://ww13.primego.org/x264/Kj5WcWBtiBCAKBe/Kj5WcWBtiBCAKBe.m3u8</link>
<thumbnail>https://image.tmdb.org/t/p/w600_and_h900_bestv2/uSjyagt3AJcfOC4nPCkpFd5IwsH.jpg</thumbnail>
  <fanart>https://image.tmdb.org/t/p/w600_and_h900_bestv2/uSjyagt3AJcfOC4nPCkpFd5IwsH.jpg</fanart>
</item>

<item>
<title>PART 4</title>
<summary></summary>
<link>http://ww2.primego.org/x264/nL0yujOTZbGGHOJ/nL0yujOTZbGGHOJ.m3u8</link>
<thumbnail>https://image.tmdb.org/t/p/w600_and_h900_bestv2/uSjyagt3AJcfOC4nPCkpFd5IwsH.jpg</thumbnail>
  <fanart>https://image.tmdb.org/t/p/w600_and_h900_bestv2/uSjyagt3AJcfOC4nPCkpFd5IwsH.jpg</fanart>
</item>

<item>
<title>PART 5</title>
<link>http://ww9.primego.org/x264/xaNpadWZgtujIgp/xaNpadWZgtujIgp.m3u8</link>
<thumbnail>https://image.tmdb.org/t/p/w600_and_h900_bestv2/uSjyagt3AJcfOC4nPCkpFd5IwsH.jpg</thumbnail>
  <fanart>https://image.tmdb.org/t/p/w600_and_h900_bestv2/uSjyagt3AJcfOC4nPCkpFd5IwsH.jpg</fanart>
</item>