<item>
<title>NJPW G1 Climax 28 Day 13 2/8/18</title>
<thumbnail>https://image.tmdb.org/t/p/w600_and_h900_bestv2/pRrhgkuE6vKb7CQkcCR6GrrjP4u.jpg</thumbnail>
<fanart>https://image.tmdb.org/t/p/w600_and_h900_bestv2/pRrhgkuE6vKb7CQkcCR6GrrjP4u.jpg</fanart>
</item>

<item>
<title>PART 1</title>
<link>https://www.dailymotion.com/embed/video/kcBctY09WNxAuprDWvj?syndication=0?logo=0&autoPlay=1&quality=720&related=0</link>
<thumbnail>https://image.tmdb.org/t/p/w600_and_h900_bestv2/pRrhgkuE6vKb7CQkcCR6GrrjP4u.jpg</thumbnail>
<fanart>https://image.tmdb.org/t/p/w600_and_h900_bestv2/pRrhgkuE6vKb7CQkcCR6GrrjP4u.jpg</fanart>
</item>

<item>
<title>PART 2</title>
<link>https://www.dailymotion.com/embed/video/kw1ljJ29QL2tFJrDWvk?syndication=0?logo=0&autoPlay=1&quality=720&related=0</link>
<thumbnail>https://image.tmdb.org/t/p/w600_and_h900_bestv2/pRrhgkuE6vKb7CQkcCR6GrrjP4u.jpg</thumbnail>
<fanart>https://image.tmdb.org/t/p/w600_and_h900_bestv2/pRrhgkuE6vKb7CQkcCR6GrrjP4u.jpg</fanart>
</item>

<item>
<title>PART 3</title>
<link>https://www.dailymotion.com/embed/video/k2CVb8fW14AGptrDXXL?syndication=0?logo=0&autoPlay=1&quality=720&related=0</link>
<thumbnail>https://image.tmdb.org/t/p/w600_and_h900_bestv2/pRrhgkuE6vKb7CQkcCR6GrrjP4u.jpg</thumbnail>
<fanart>https://image.tmdb.org/t/p/w600_and_h900_bestv2/pRrhgkuE6vKb7CQkcCR6GrrjP4u.jpg</fanart>
</item>

<item>
<title>[COLOR gold]-------------------------------------------------------------------[/COLOR]</title>
</item>

<item>
<title>NJPW G1 Climax 28 Day 12 1/8/18</title>
<thumbnail>https://image.tmdb.org/t/p/w600_and_h900_bestv2/pRrhgkuE6vKb7CQkcCR6GrrjP4u.jpg</thumbnail>
<fanart>https://image.tmdb.org/t/p/w600_and_h900_bestv2/pRrhgkuE6vKb7CQkcCR6GrrjP4u.jpg</fanart>
</item>

<item>
<title>PART 1</title>
<link>https://www.dailymotion.com/embed/video/k37qtEcNRmyzhzrARYI?syndication=0?logo=0&autoPlay=1&quality=720&related=0</link>
<thumbnail>https://image.tmdb.org/t/p/w600_and_h900_bestv2/pRrhgkuE6vKb7CQkcCR6GrrjP4u.jpg</thumbnail>
<fanart>https://image.tmdb.org/t/p/w600_and_h900_bestv2/pRrhgkuE6vKb7CQkcCR6GrrjP4u.jpg</fanart>
</item>

<item>
<title>PART 2</title>
<link>https://www.dailymotion.com/embed/video/k7fLTCgFgAsPRLrARYJ?syndication=0?logo=0&autoPlay=1&quality=720&related=0</link>
<thumbnail>https://image.tmdb.org/t/p/w600_and_h900_bestv2/pRrhgkuE6vKb7CQkcCR6GrrjP4u.jpg</thumbnail>
<fanart>https://image.tmdb.org/t/p/w600_and_h900_bestv2/pRrhgkuE6vKb7CQkcCR6GrrjP4u.jpg</fanart>
</item>

<item>
<title>PART 3</title>
<link>https://www.dailymotion.com/embed/video/k5r7nEaMi0xo6CrAVdF?syndication=0?logo=0&autoPlay=1&quality=720&related=0</link>
<thumbnail>https://image.tmdb.org/t/p/w600_and_h900_bestv2/pRrhgkuE6vKb7CQkcCR6GrrjP4u.jpg</thumbnail>
<fanart>https://image.tmdb.org/t/p/w600_and_h900_bestv2/pRrhgkuE6vKb7CQkcCR6GrrjP4u.jpg</fanart>
</item>

<item>
<title>[COLOR gold]-------------------------------------------------------------------[/COLOR]</title>
</item>

<item>
<title>NJPW G1 Climax 28 Day 11 30/7/18</title>
<thumbnail>https://image.tmdb.org/t/p/w600_and_h900_bestv2/pRrhgkuE6vKb7CQkcCR6GrrjP4u.jpg</thumbnail>
<fanart>https://image.tmdb.org/t/p/w600_and_h900_bestv2/pRrhgkuE6vKb7CQkcCR6GrrjP4u.jpg</fanart>
</item>

<item>
<title>PART 1</title>
<link>https://www.dailymotion.com/embed/video/k37qtEcNRmyzhzrARYI?syndication=0?logo=0&autoPlay=1&quality=720&related=0</link>
<thumbnail>https://image.tmdb.org/t/p/w600_and_h900_bestv2/pRrhgkuE6vKb7CQkcCR6GrrjP4u.jpg</thumbnail>
<fanart>https://image.tmdb.org/t/p/w600_and_h900_bestv2/pRrhgkuE6vKb7CQkcCR6GrrjP4u.jpg</fanart>
</item>

<item>
<title>PART 2</title>
<link>https://www.dailymotion.com/embed/video/k7fLTCgFgAsPRLrARYJ?syndication=0?logo=0&autoPlay=1&quality=720&related=0</link>
<thumbnail>https://image.tmdb.org/t/p/w600_and_h900_bestv2/pRrhgkuE6vKb7CQkcCR6GrrjP4u.jpg</thumbnail>
<fanart>https://image.tmdb.org/t/p/w600_and_h900_bestv2/pRrhgkuE6vKb7CQkcCR6GrrjP4u.jpg</fanart>
</item>

<item>
<title>PART 3</title>
<link>https://www.dailymotion.com/embed/video/k5r7nEaMi0xo6CrAVdF?syndication=0?logo=0&autoPlay=1&quality=720&related=0</link>
<thumbnail>https://image.tmdb.org/t/p/w600_and_h900_bestv2/pRrhgkuE6vKb7CQkcCR6GrrjP4u.jpg</thumbnail>
<fanart>https://image.tmdb.org/t/p/w600_and_h900_bestv2/pRrhgkuE6vKb7CQkcCR6GrrjP4u.jpg</fanart>
</item>

<item>
<title>[COLOR gold]-------------------------------------------------------------------[/COLOR]</title>
</item>

<item>
<title>NJPW G1 Climax 28 Day 10 28/7/18</title>
<thumbnail>https://image.tmdb.org/t/p/w600_and_h900_bestv2/pRrhgkuE6vKb7CQkcCR6GrrjP4u.jpg</thumbnail>
<fanart>https://image.tmdb.org/t/p/w600_and_h900_bestv2/pRrhgkuE6vKb7CQkcCR6GrrjP4u.jpg</fanart>
</item>

<item>
<title>PART 1</title>
<link>https://www.dailymotion.com/embed/video/k5Kv5ULM7jPHpfrz4mO?syndication=0?logo=0&autoPlay=1&quality=720&related=0</link>
<thumbnail>https://image.tmdb.org/t/p/w600_and_h900_bestv2/pRrhgkuE6vKb7CQkcCR6GrrjP4u.jpg</thumbnail>
<fanart>https://image.tmdb.org/t/p/w600_and_h900_bestv2/pRrhgkuE6vKb7CQkcCR6GrrjP4u.jpg</fanart>
</item>

<item>
<title>PART 2</title>
<link>https://www.dailymotion.com/embed/video/k2BdEU2fjcN0zurz5Z7?syndication=0?logo=0&autoPlay=1&quality=720&related=0</link>
<thumbnail>https://image.tmdb.org/t/p/w600_and_h900_bestv2/pRrhgkuE6vKb7CQkcCR6GrrjP4u.jpg</thumbnail>
<fanart>https://image.tmdb.org/t/p/w600_and_h900_bestv2/pRrhgkuE6vKb7CQkcCR6GrrjP4u.jpg</fanart>
</item>

<item>
<title>PART 3</title>
<link>https://www.dailymotion.com/embed/video/k3m7FP1CZx2PoJrz8o9?syndication=0?logo=0&autoPlay=1&quality=720&related=0</link>
<thumbnail>https://image.tmdb.org/t/p/w600_and_h900_bestv2/pRrhgkuE6vKb7CQkcCR6GrrjP4u.jpg</thumbnail>
<fanart>https://image.tmdb.org/t/p/w600_and_h900_bestv2/pRrhgkuE6vKb7CQkcCR6GrrjP4u.jpg</fanart>
</item>

<item>
<title>PART 4</title>
<link>https://www.dailymotion.com/embed/video/k4lPz6XNrugnhirz8nX?syndication=0?logo=0&autoPlay=1&quality=720&related=0</link>
<thumbnail>https://image.tmdb.org/t/p/w600_and_h900_bestv2/pRrhgkuE6vKb7CQkcCR6GrrjP4u.jpg</thumbnail>
<fanart>https://image.tmdb.org/t/p/w600_and_h900_bestv2/pRrhgkuE6vKb7CQkcCR6GrrjP4u.jpg</fanart>
</item>

<item>
<title>[COLOR gold]-------------------------------------------------------------------[/COLOR]</title>
</item>

<item>
<title>NJPW G1 Climax 28 Day 9 27/7/18</title>
<thumbnail>https://image.tmdb.org/t/p/w600_and_h900_bestv2/pRrhgkuE6vKb7CQkcCR6GrrjP4u.jpg</thumbnail>
<fanart>https://image.tmdb.org/t/p/w600_and_h900_bestv2/pRrhgkuE6vKb7CQkcCR6GrrjP4u.jpg</fanart>
</item>

<item>
<title>PART 1</title>
<link>https://www.dailymotion.com/embed/video/k3GTY8dyUn6ZwTrycbq?syndication=0?logo=0&autoPlay=1&quality=720&related=0</link>
<thumbnail>https://image.tmdb.org/t/p/w600_and_h900_bestv2/pRrhgkuE6vKb7CQkcCR6GrrjP4u.jpg</thumbnail>
<fanart>https://image.tmdb.org/t/p/w600_and_h900_bestv2/pRrhgkuE6vKb7CQkcCR6GrrjP4u.jpg</fanart>
</item>

<item>
<title>PART 2</title>
<link>https://www.dailymotion.com/embed/video/k1pVwtPGS2ZH12rycbp?syndication=0?logo=0&autoPlay=1&quality=720&related=0</link>
<thumbnail>https://image.tmdb.org/t/p/w600_and_h900_bestv2/pRrhgkuE6vKb7CQkcCR6GrrjP4u.jpg</thumbnail>
<fanart>https://image.tmdb.org/t/p/w600_and_h900_bestv2/pRrhgkuE6vKb7CQkcCR6GrrjP4u.jpg</fanart>
</item>

<item>
<title>PART 3</title>
<link>https://www.dailymotion.com/embed/video/kQetAZdmAD5GEKryeaA?syndication=0?logo=0&autoPlay=1&quality=720&related=0</link>
<thumbnail>https://image.tmdb.org/t/p/w600_and_h900_bestv2/pRrhgkuE6vKb7CQkcCR6GrrjP4u.jpg</thumbnail>
<fanart>https://image.tmdb.org/t/p/w600_and_h900_bestv2/pRrhgkuE6vKb7CQkcCR6GrrjP4u.jpg</fanart>
</item>

<item>
<title>PART 4</title>
<link>https://www.dailymotion.com/embed/video/k4d3rDt69vFVG1ryeaW?syndication=0?logo=0&autoPlay=1&quality=720&related=0</link>
<thumbnail>https://image.tmdb.org/t/p/w600_and_h900_bestv2/pRrhgkuE6vKb7CQkcCR6GrrjP4u.jpg</thumbnail>
<fanart>https://image.tmdb.org/t/p/w600_and_h900_bestv2/pRrhgkuE6vKb7CQkcCR6GrrjP4u.jpg</fanart>
</item>

<item>
<title>[COLOR gold]-------------------------------------------------------------------[/COLOR]</title>
</item>

<item>
<title>NJPW G1 Climax 28 Day 8 26/7/18</title>
<thumbnail>https://image.tmdb.org/t/p/w600_and_h900_bestv2/pRrhgkuE6vKb7CQkcCR6GrrjP4u.jpg</thumbnail>
<fanart>https://image.tmdb.org/t/p/w600_and_h900_bestv2/pRrhgkuE6vKb7CQkcCR6GrrjP4u.jpg</fanart>
</item>

<item>
<title>PART 1</title>
<link>https://www.dailymotion.com/embed/video/kpBiuxj9gcbzaUrxfsA?syndication=0?logo=0&autoPlay=1&quality=720&related=0</link>
<thumbnail>https://image.tmdb.org/t/p/w600_and_h900_bestv2/pRrhgkuE6vKb7CQkcCR6GrrjP4u.jpg</thumbnail>
<fanart>https://image.tmdb.org/t/p/w600_and_h900_bestv2/pRrhgkuE6vKb7CQkcCR6GrrjP4u.jpg</fanart>
</item>

<item>
<title>PART 2</title>
<link>https://www.dailymotion.com/embed/video/k4SLyNwDROzyjlrxfwR?syndication=0?logo=0&autoPlay=1&quality=720&related=0</link>
<thumbnail>https://image.tmdb.org/t/p/w600_and_h900_bestv2/pRrhgkuE6vKb7CQkcCR6GrrjP4u.jpg</thumbnail>
<fanart>https://image.tmdb.org/t/p/w600_and_h900_bestv2/pRrhgkuE6vKb7CQkcCR6GrrjP4u.jpg</fanart>
</item>

<item>
<title>PART 3</title>
<link>https://www.dailymotion.com/embed/video/k4WCV0P6E8svZNrxhaW?syndication=0?logo=0&autoPlay=1&quality=720&related=0</link>
<thumbnail>https://image.tmdb.org/t/p/w600_and_h900_bestv2/pRrhgkuE6vKb7CQkcCR6GrrjP4u.jpg</thumbnail>
<fanart>https://image.tmdb.org/t/p/w600_and_h900_bestv2/pRrhgkuE6vKb7CQkcCR6GrrjP4u.jpg</fanart>
</item>

<item>
<title>[COLOR gold]-------------------------------------------------------------------[/COLOR]</title>
</item>

<item>
<title>NJPW G1 Climax 28 Day 7 22/7/18</title>
<thumbnail>https://image.tmdb.org/t/p/w600_and_h900_bestv2/pRrhgkuE6vKb7CQkcCR6GrrjP4u.jpg</thumbnail>
<fanart>https://image.tmdb.org/t/p/w600_and_h900_bestv2/pRrhgkuE6vKb7CQkcCR6GrrjP4u.jpg</fanart>
</item>

<item>
<title>PART 1</title>
<link>https://www.dailymotion.com/embed/video/k6SXvW7haNs0sBrtU0h?syndication=0?logo=0&autoPlay=1&quality=720&related=0</link>
<thumbnail>https://image.tmdb.org/t/p/w600_and_h900_bestv2/pRrhgkuE6vKb7CQkcCR6GrrjP4u.jpg</thumbnail>
<fanart>https://image.tmdb.org/t/p/w600_and_h900_bestv2/pRrhgkuE6vKb7CQkcCR6GrrjP4u.jpg</fanart>
</item>

<item>
<title>PART 2</title>
<link>https://www.dailymotion.com/embed/video/kd7GlVCwQZGGPUrtU0g?syndication=0?logo=0&autoPlay=1&quality=720&related=0</link>
<thumbnail>https://image.tmdb.org/t/p/w600_and_h900_bestv2/pRrhgkuE6vKb7CQkcCR6GrrjP4u.jpg</thumbnail>
<fanart>https://image.tmdb.org/t/p/w600_and_h900_bestv2/pRrhgkuE6vKb7CQkcCR6GrrjP4u.jpg</fanart>
</item>

<item>
<title>PART 3</title>
<link>https://www.dailymotion.com/embed/video/k6lumfbKCjuNeCrtUIY?syndication=0?logo=0&autoPlay=1&quality=720&related=0</link>
<thumbnail>https://image.tmdb.org/t/p/w600_and_h900_bestv2/pRrhgkuE6vKb7CQkcCR6GrrjP4u.jpg</thumbnail>
<fanart>https://image.tmdb.org/t/p/w600_and_h900_bestv2/pRrhgkuE6vKb7CQkcCR6GrrjP4u.jpg</fanart>
</item>

<item>
<title>[COLOR gold]-------------------------------------------------------------------[/COLOR]</title>
</item>

<item>
<title>NJPW G1 Climax 28 Day 6 21/7/18</title>
<thumbnail>https://image.tmdb.org/t/p/w600_and_h900_bestv2/pRrhgkuE6vKb7CQkcCR6GrrjP4u.jpg</thumbnail>
<fanart>https://image.tmdb.org/t/p/w600_and_h900_bestv2/pRrhgkuE6vKb7CQkcCR6GrrjP4u.jpg</fanart>
</item>

<item>
<title>PART 1</title>
<link>https://www.dailymotion.com/embed/video/k6ku5EbkOt4MY9rtlXS?syndication=0?logo=0&autoPlay=1&quality=720&related=0</link>
<thumbnail>https://image.tmdb.org/t/p/w600_and_h900_bestv2/pRrhgkuE6vKb7CQkcCR6GrrjP4u.jpg</thumbnail>
<fanart>https://image.tmdb.org/t/p/w600_and_h900_bestv2/pRrhgkuE6vKb7CQkcCR6GrrjP4u.jpg</fanart>
</item>

<item>
<title>PART 2</title>
<link>https://www.dailymotion.com/embed/video/k54K7Hpt22mPcVrtm05?syndication=0?logo=0&autoPlay=1&quality=720&related=0</link>
<thumbnail>https://image.tmdb.org/t/p/w600_and_h900_bestv2/pRrhgkuE6vKb7CQkcCR6GrrjP4u.jpg</thumbnail>
<fanart>https://image.tmdb.org/t/p/w600_and_h900_bestv2/pRrhgkuE6vKb7CQkcCR6GrrjP4u.jpg</fanart>
</item>

<item>
<title>PART 3</title>
<link>https://www.dailymotion.com/embed/video/k2nKxvW0d5GCRZrtmfM?syndication=0?logo=0&autoPlay=1&quality=720&related=0</link>
<thumbnail>https://image.tmdb.org/t/p/w600_and_h900_bestv2/pRrhgkuE6vKb7CQkcCR6GrrjP4u.jpg</thumbnail>
<fanart>https://image.tmdb.org/t/p/w600_and_h900_bestv2/pRrhgkuE6vKb7CQkcCR6GrrjP4u.jpg</fanart>
</item>

<item>
<title>[COLOR gold]-------------------------------------------------------------------[/COLOR]</title>
</item>

<item>
<title>NJPW G1 Climax 28 Day 5 20/7/18</title>
<thumbnail>https://image.tmdb.org/t/p/w600_and_h900_bestv2/pRrhgkuE6vKb7CQkcCR6GrrjP4u.jpg</thumbnail>
<fanart>https://image.tmdb.org/t/p/w600_and_h900_bestv2/pRrhgkuE6vKb7CQkcCR6GrrjP4u.jpg</fanart>
</item>

<item>
<title>PART 1</title>
<link>https://www.dailymotion.com/embed/video/kEIhXzYz5wXkl0rspLd?syndication=0?logo=0&autoPlay=1&quality=720&related=0</link>
<thumbnail>https://image.tmdb.org/t/p/w600_and_h900_bestv2/pRrhgkuE6vKb7CQkcCR6GrrjP4u.jpg</thumbnail>
<fanart>https://image.tmdb.org/t/p/w600_and_h900_bestv2/pRrhgkuE6vKb7CQkcCR6GrrjP4u.jpg</fanart>
</item>

<item>
<title>PART 2</title>
<link>https://www.dailymotion.com/embed/video/k31Mn2sG6maVkyrspMT?syndication=0?logo=0&autoPlay=1&quality=720&related=0</link>
<thumbnail>https://image.tmdb.org/t/p/w600_and_h900_bestv2/pRrhgkuE6vKb7CQkcCR6GrrjP4u.jpg</thumbnail>
<fanart>https://image.tmdb.org/t/p/w600_and_h900_bestv2/pRrhgkuE6vKb7CQkcCR6GrrjP4u.jpg</fanart>
</item>

<item>
<title>PART 3</title>
<link>https://www.dailymotion.com/embed/video/k2wKjQgLAWKZv6rsr8Y?syndication=0?logo=0&autoPlay=1&quality=720&related=0</link>
<thumbnail>https://image.tmdb.org/t/p/w600_and_h900_bestv2/pRrhgkuE6vKb7CQkcCR6GrrjP4u.jpg</thumbnail>
<fanart>https://image.tmdb.org/t/p/w600_and_h900_bestv2/pRrhgkuE6vKb7CQkcCR6GrrjP4u.jpg</fanart>
</item>

<item>
<title>[COLOR gold]-------------------------------------------------------------------[/COLOR]</title>
</item>

<item>
<title>NJPW G1 Climax 28 Day 4 19/7/18</title>
<thumbnail>https://image.tmdb.org/t/p/w600_and_h900_bestv2/pRrhgkuE6vKb7CQkcCR6GrrjP4u.jpg</thumbnail>
<fanart>https://image.tmdb.org/t/p/w600_and_h900_bestv2/pRrhgkuE6vKb7CQkcCR6GrrjP4u.jpg</fanart>
</item>

<item>
<title>PART 1</title>
<link>https://www.dailymotion.com/embed/video/k6drHskzMsscvLrruCq?syndication=0?logo=0&autoPlay=1&quality=720&related=0</link>
<thumbnail>https://image.tmdb.org/t/p/w600_and_h900_bestv2/pRrhgkuE6vKb7CQkcCR6GrrjP4u.jpg</thumbnail>
<fanart>https://image.tmdb.org/t/p/w600_and_h900_bestv2/pRrhgkuE6vKb7CQkcCR6GrrjP4u.jpg</fanart>
</item>

<item>
<title>PART 2</title>
<link>https://www.dailymotion.com/embed/video/k2xrQs6BsraZRkrrvlY?syndication=0?logo=0&autoPlay=1&quality=720&related=0</link>
<thumbnail>https://image.tmdb.org/t/p/w600_and_h900_bestv2/pRrhgkuE6vKb7CQkcCR6GrrjP4u.jpg</thumbnail>
<fanart>https://image.tmdb.org/t/p/w600_and_h900_bestv2/pRrhgkuE6vKb7CQkcCR6GrrjP4u.jpg</fanart>
</item>

<item>
<title>PART 3</title>
<link>https://www.dailymotion.com/embed/video/k2xskDzM1C4d5grrx4D?syndication=0?logo=0&autoPlay=1&quality=720&related=0</link>
<thumbnail>https://image.tmdb.org/t/p/w600_and_h900_bestv2/pRrhgkuE6vKb7CQkcCR6GrrjP4u.jpg</thumbnail>
<fanart>https://image.tmdb.org/t/p/w600_and_h900_bestv2/pRrhgkuE6vKb7CQkcCR6GrrjP4u.jpg</fanart>
</item>

<item>
<title>[COLOR gold]-------------------------------------------------------------------[/COLOR]</title>
</item>

<item>
<title>NJPW G1 Climax 28 Day 3 16/7/18</title>
<thumbnail>https://image.tmdb.org/t/p/w600_and_h900_bestv2/pRrhgkuE6vKb7CQkcCR6GrrjP4u.jpg</thumbnail>
<fanart>https://image.tmdb.org/t/p/w600_and_h900_bestv2/pRrhgkuE6vKb7CQkcCR6GrrjP4u.jpg</fanart>
</item>

<item>
<title>PART 1</title>
<link>https://www.dailymotion.com/embed/video/k70ElByIzBlguyrnVPc?syndication=0?logo=0&autoPlay=1&quality=720&related=0</link>
<thumbnail>https://image.tmdb.org/t/p/w600_and_h900_bestv2/pRrhgkuE6vKb7CQkcCR6GrrjP4u.jpg</thumbnail>
<fanart>https://image.tmdb.org/t/p/w600_and_h900_bestv2/pRrhgkuE6vKb7CQkcCR6GrrjP4u.jpg</fanart>
</item>

<item>
<title>PART 2</title>
<link>https://www.dailymotion.com/embed/video/kOD1QgdHt2Id4IrnVPb?syndication=0?logo=0&autoPlay=1&quality=720&related=0</link>
<thumbnail>https://image.tmdb.org/t/p/w600_and_h900_bestv2/pRrhgkuE6vKb7CQkcCR6GrrjP4u.jpg</thumbnail>
<fanart>https://image.tmdb.org/t/p/w600_and_h900_bestv2/pRrhgkuE6vKb7CQkcCR6GrrjP4u.jpg</fanart>
</item>

<item>
<title>PART 3</title>
<link>https://www.dailymotion.com/embed/video/k45DloAui7JPodrnVPd?syndication=0?logo=0&autoPlay=1&quality=720&related=0</link>
<thumbnail>https://image.tmdb.org/t/p/w600_and_h900_bestv2/pRrhgkuE6vKb7CQkcCR6GrrjP4u.jpg</thumbnail>
<fanart>https://image.tmdb.org/t/p/w600_and_h900_bestv2/pRrhgkuE6vKb7CQkcCR6GrrjP4u.jpg</fanart>
</item>

<item>
<title>PART 4</title>
<link>https://www.dailymotion.com/embed/video/k1snpWFZ8bClsirnVQl?syndication=0?logo=0&autoPlay=1&quality=720&related=0</link>
<thumbnail>https://image.tmdb.org/t/p/w600_and_h900_bestv2/pRrhgkuE6vKb7CQkcCR6GrrjP4u.jpg</thumbnail>
<fanart>https://image.tmdb.org/t/p/w600_and_h900_bestv2/pRrhgkuE6vKb7CQkcCR6GrrjP4u.jpg</fanart>
</item>

<item>
<title>[COLOR gold]-------------------------------------------------------------------[/COLOR]</title>
</item>

<item>
<title>NJPW G1 Climax 28 Day 2 15/7/18</title>
<thumbnail>https://image.tmdb.org/t/p/w600_and_h900_bestv2/pRrhgkuE6vKb7CQkcCR6GrrjP4u.jpg</thumbnail>
<fanart>https://image.tmdb.org/t/p/w600_and_h900_bestv2/pRrhgkuE6vKb7CQkcCR6GrrjP4u.jpg</fanart>
</item>

<item>
<title>PART 1</title>
<link>https://www.dailymotion.com/embed/video/k1eaMeox4OLqCzrmSWB?syndication=0?logo=0&autoPlay=1&quality=720&related=0</link>
<thumbnail>https://image.tmdb.org/t/p/w600_and_h900_bestv2/pRrhgkuE6vKb7CQkcCR6GrrjP4u.jpg</thumbnail>
<fanart>https://image.tmdb.org/t/p/w600_and_h900_bestv2/pRrhgkuE6vKb7CQkcCR6GrrjP4u.jpg</fanart>
</item>

<item>
<title>PART 2</title>
<link>https://www.dailymotion.com/embed/video/k4mXnoNKfePe4OrmSWC?syndication=0?logo=0&autoPlay=1&quality=720&related=0</link>
<thumbnail>https://image.tmdb.org/t/p/w600_and_h900_bestv2/pRrhgkuE6vKb7CQkcCR6GrrjP4u.jpg</thumbnail>
<fanart>https://image.tmdb.org/t/p/w600_and_h900_bestv2/pRrhgkuE6vKb7CQkcCR6GrrjP4u.jpg</fanart>
</item>

<item>
<title>PART 3</title>
<link>https://www.dailymotion.com/embed/video/k2dZYGeVhlIO4wrmUOS?syndication=0?logo=0&autoPlay=1&quality=720&related=0</link>
<thumbnail>https://image.tmdb.org/t/p/w600_and_h900_bestv2/pRrhgkuE6vKb7CQkcCR6GrrjP4u.jpg</thumbnail>
<fanart>https://image.tmdb.org/t/p/w600_and_h900_bestv2/pRrhgkuE6vKb7CQkcCR6GrrjP4u.jpg</fanart>
</item>

<item>
<title>PART 4</title>
<link>https://www.dailymotion.com/embed/video/k74jydqvSMKwSlrmUPe?syndication=0?logo=0&autoPlay=1&quality=720&related=0</link>
<thumbnail>https://image.tmdb.org/t/p/w600_and_h900_bestv2/pRrhgkuE6vKb7CQkcCR6GrrjP4u.jpg</thumbnail>
<fanart>https://image.tmdb.org/t/p/w600_and_h900_bestv2/pRrhgkuE6vKb7CQkcCR6GrrjP4u.jpg</fanart>
</item>

<item>
<title>[COLOR gold]-------------------------------------------------------------------[/COLOR]</title>
</item>

<item>
<title>NJPW G1 Climax 28 Day 1 14/7/18</title>
<thumbnail>https://image.tmdb.org/t/p/w600_and_h900_bestv2/pRrhgkuE6vKb7CQkcCR6GrrjP4u.jpg</thumbnail>
<fanart>https://image.tmdb.org/t/p/w600_and_h900_bestv2/pRrhgkuE6vKb7CQkcCR6GrrjP4u.jpg</fanart>
</item>

<item>
<title>PART 1</title>
<link>https://www.dailymotion.com/embed/video/k3DChN58fTFWKErmdAG?syndication=0?logo=0&autoPlay=1&quality=720&related=0</link>
<thumbnail>https://image.tmdb.org/t/p/w600_and_h900_bestv2/pRrhgkuE6vKb7CQkcCR6GrrjP4u.jpg</thumbnail>
<fanart>https://image.tmdb.org/t/p/w600_and_h900_bestv2/pRrhgkuE6vKb7CQkcCR6GrrjP4u.jpg</fanart>
</item>

<item>
<title>PART 2</title>
<link>https://www.dailymotion.com/embed/video/k5eD1LApNBwFw1rmfTs?syndication=0?logo=0&autoPlay=1&quality=720&related=0</link>
<thumbnail>https://image.tmdb.org/t/p/w600_and_h900_bestv2/pRrhgkuE6vKb7CQkcCR6GrrjP4u.jpg</thumbnail>
<fanart>https://image.tmdb.org/t/p/w600_and_h900_bestv2/pRrhgkuE6vKb7CQkcCR6GrrjP4u.jpg</fanart>
</item>

<item>
<title>PART 3</title>
<link>https://www.dailymotion.com/embed/video/k1wom1M4DtRCC0rmhGU?syndication=0?logo=0&autoPlay=1&quality=720&related=0</link>
<thumbnail>https://image.tmdb.org/t/p/w600_and_h900_bestv2/pRrhgkuE6vKb7CQkcCR6GrrjP4u.jpg</thumbnail>
<fanart>https://image.tmdb.org/t/p/w600_and_h900_bestv2/pRrhgkuE6vKb7CQkcCR6GrrjP4u.jpg</fanart>
</item>

<item>
<title>[COLOR gold]-------------------------------------------------------------------[/COLOR]</title>
</item>

<item>
<title>NJPW G1 Special In San Francisco 8/7/18</title>
<thumbnail>https://image.tmdb.org/t/p/w600_and_h900_bestv2/pRrhgkuE6vKb7CQkcCR6GrrjP4u.jpg</thumbnail>
<fanart>https://image.tmdb.org/t/p/w600_and_h900_bestv2/pRrhgkuE6vKb7CQkcCR6GrrjP4u.jpg</fanart>
</item>

<item>
<title>PRESS CONFERENCE</title>
<link>https://www.dailymotion.com/embed/video/k6Sk1LWvmYdQYlrgCBY?syndication=0?logo=0&autoPlay=1&quality=720&related=0</link>
<thumbnail>https://image.tmdb.org/t/p/w600_and_h900_bestv2/pRrhgkuE6vKb7CQkcCR6GrrjP4u.jpg</thumbnail>
<fanart>https://image.tmdb.org/t/p/w600_and_h900_bestv2/pRrhgkuE6vKb7CQkcCR6GrrjP4u.jpg</fanart>
</item>

<item>
<title>PART 1</title>
<link>https://www.dailymotion.com/embed/video/k36tEItZ5ig8xHrgVy1?syndication=0?logo=0&autoPlay=1&quality=720&related=0</link>
<thumbnail>https://image.tmdb.org/t/p/w600_and_h900_bestv2/pRrhgkuE6vKb7CQkcCR6GrrjP4u.jpg</thumbnail>
<fanart>https://image.tmdb.org/t/p/w600_and_h900_bestv2/pRrhgkuE6vKb7CQkcCR6GrrjP4u.jpg</fanart>
</item>

<item>
<title>PART 2</title>
<link>https://www.dailymotion.com/embed/video/k2tL1bzQIBpACergXo0?syndication=0?logo=0&autoPlay=1&quality=720&related=0</link>
<thumbnail>https://image.tmdb.org/t/p/w600_and_h900_bestv2/pRrhgkuE6vKb7CQkcCR6GrrjP4u.jpg</thumbnail>
<fanart>https://image.tmdb.org/t/p/w600_and_h900_bestv2/pRrhgkuE6vKb7CQkcCR6GrrjP4u.jpg</fanart>
</item>

<item>
<title>PART 3</title>
<link>https://www.dailymotion.com/embed/video/k3qo88RFyDfBbJrgZmJ?syndication=0?logo=0&autoPlay=1&quality=720&related=0</link>
<thumbnail>https://image.tmdb.org/t/p/w600_and_h900_bestv2/pRrhgkuE6vKb7CQkcCR6GrrjP4u.jpg</thumbnail>
<fanart>https://image.tmdb.org/t/p/w600_and_h900_bestv2/pRrhgkuE6vKb7CQkcCR6GrrjP4u.jpg</fanart>
</item>

<item>
<title>PART 4</title>
<link>https://www.dailymotion.com/embed/video/k2fk2FmjbOQ1eHrh1ZV?syndication=0?logo=0&autoPlay=1&quality=720&related=0</link>
<thumbnail>https://image.tmdb.org/t/p/w600_and_h900_bestv2/pRrhgkuE6vKb7CQkcCR6GrrjP4u.jpg</thumbnail>
<fanart>https://image.tmdb.org/t/p/w600_and_h900_bestv2/pRrhgkuE6vKb7CQkcCR6GrrjP4u.jpg</fanart>
</item>

<item>
<title>PART 5</title>
<link>https://www.dailymotion.com/embed/video/k3vKmtYKHXtWfBrh1ZW?syndication=0?logo=0&autoPlay=1&quality=720&related=0</link>
<thumbnail>https://image.tmdb.org/t/p/w600_and_h900_bestv2/pRrhgkuE6vKb7CQkcCR6GrrjP4u.jpg</thumbnail>
<fanart>https://image.tmdb.org/t/p/w600_and_h900_bestv2/pRrhgkuE6vKb7CQkcCR6GrrjP4u.jpg</fanart>
</item>

<item>
<title>PMEGA Vs CODY</title>
<link>https://www.dailymotion.com/embed/video/k3Z9hFrRq8OiCirh3Rr?syndication=0?logo=0&autoPlay=1&quality=720&related=0</link>
<thumbnail>https://image.tmdb.org/t/p/w600_and_h900_bestv2/pRrhgkuE6vKb7CQkcCR6GrrjP4u.jpg</thumbnail>
<fanart>https://image.tmdb.org/t/p/w600_and_h900_bestv2/pRrhgkuE6vKb7CQkcCR6GrrjP4u.jpg</fanart>
</item>

<item>
<title>[COLOR gold]-------------------------------------------------------------------[/COLOR]</title>
</item>

<item>
<title>NJPW Strong Style Evolved UK Night 1 2018 30/6/18</title>
<thumbnail>https://image.tmdb.org/t/p/w600_and_h900_bestv2/pRrhgkuE6vKb7CQkcCR6GrrjP4u.jpg</thumbnail>
<fanart>http://www.allwrestling.org/wp-content/uploads/2018/07/strong-style-evolved-696x392-640x360.jpg?x48797</fanart>
</item>

<item>
<title>PART 1</title>
<link>https://www.dailymotion.com/embed/video/k45P35RahZWJadrcHgm?syndication=0?logo=0&autoPlay=1&quality=720&related=0</link>
<thumbnail>https://image.tmdb.org/t/p/w600_and_h900_bestv2/pRrhgkuE6vKb7CQkcCR6GrrjP4u.jpg</thumbnail>
<fanart>http://www.allwrestling.org/wp-content/uploads/2018/07/strong-style-evolved-696x392-640x360.jpg?x48797</fanart>
</item>

<item>
<title>PART 2</title>
<link>https://www.dailymotion.com/embed/video/k2XVh7dIecPvkOrcHgk?syndication=0?logo=0&autoPlay=1&quality=720&related=0</link>
<thumbnail>https://image.tmdb.org/t/p/w600_and_h900_bestv2/pRrhgkuE6vKb7CQkcCR6GrrjP4u.jpg</thumbnail>
<fanart>http://www.allwrestling.org/wp-content/uploads/2018/07/strong-style-evolved-696x392-640x360.jpg?x48797</fanart>
</item>

<item>
<title>PART 3</title>
<link>https://www.dailymotion.com/embed/video/k7Q9veezyFS6a1rcHgl?syndication=0?logo=0&autoPlay=1&quality=720&related=0</link>
<thumbnail>https://image.tmdb.org/t/p/w600_and_h900_bestv2/pRrhgkuE6vKb7CQkcCR6GrrjP4u.jpg</thumbnail>
<fanart>http://www.allwrestling.org/wp-content/uploads/2018/07/strong-style-evolved-696x392-640x360.jpg?x48797</fanart>
</item>

<item>
<title>[COLOR gold]-------------------------------------------------------------------[/COLOR]</title>
</item>

<item>
<title>CEO x NJPW When Worlds Collide 2018 29/6/18</title>
<thumbnail>https://image.tmdb.org/t/p/w600_and_h900_bestv2/pRrhgkuE6vKb7CQkcCR6GrrjP4u.jpg</thumbnail>
<fanart>https://image.tmdb.org/t/p/w600_and_h900_bestv2/pRrhgkuE6vKb7CQkcCR6GrrjP4u.jpg</fanart>
</item>

<item>
<title>PART 1</title>
<link>https://www.dailymotion.com/embed/video/kDIs1kUluGJIn4rbZNh?syndication=0?logo=0&autoPlay=1&quality=720&related=0</link>
<thumbnail>https://image.tmdb.org/t/p/w600_and_h900_bestv2/pRrhgkuE6vKb7CQkcCR6GrrjP4u.jpg</thumbnail>
<fanart>https://image.tmdb.org/t/p/w600_and_h900_bestv2/pRrhgkuE6vKb7CQkcCR6GrrjP4u.jpg</fanart>
</item>

<item>
<title>PART 2</title>
<link>https://www.dailymotion.com/embed/video/k42kMayDtDwomrrbZNi?syndication=0?logo=0&autoPlay=1&quality=720&related=0</link>
<thumbnail>https://image.tmdb.org/t/p/w600_and_h900_bestv2/pRrhgkuE6vKb7CQkcCR6GrrjP4u.jpg</thumbnail>
<fanart>https://image.tmdb.org/t/p/w600_and_h900_bestv2/pRrhgkuE6vKb7CQkcCR6GrrjP4u.jpg</fanart>
</item>

<item>
<title>PART 3</title>
<link>https://www.dailymotion.com/embed/video/k35s7qa5v6xs75rbZNj?syndication=0?logo=0&autoPlay=1&quality=720&related=0</link>
<thumbnail>https://image.tmdb.org/t/p/w600_and_h900_bestv2/pRrhgkuE6vKb7CQkcCR6GrrjP4u.jpg</thumbnail>
<fanart>https://image.tmdb.org/t/p/w600_and_h900_bestv2/pRrhgkuE6vKb7CQkcCR6GrrjP4u.jpg</fanart>
</item>

<item>
<title>[COLOR gold]-------------------------------------------------------------------[/COLOR]</title>
</item>

<item>
<title>Day 3 NJPW Kizuna Road 2018 19/06/18 (Japanese Comentary)</title>
<thumbnail>https://image.tmdb.org/t/p/w600_and_h900_bestv2/pRrhgkuE6vKb7CQkcCR6GrrjP4u.jpg</thumbnail>
<fanart>https://image.tmdb.org/t/p/w600_and_h900_bestv2/pRrhgkuE6vKb7CQkcCR6GrrjP4u.jpg</fanart>
</item>

<item>
<title>PART 1</title>
<link>https://www.dailymotion.com/embed/video/k2AgfVZGcdFcH5r5nNK?syndication=0?logo=0&autoPlay=1&quality=720&related=0</link>
<thumbnail>https://image.tmdb.org/t/p/w600_and_h900_bestv2/pRrhgkuE6vKb7CQkcCR6GrrjP4u.jpg</thumbnail>
<fanart>https://image.tmdb.org/t/p/w600_and_h900_bestv2/pRrhgkuE6vKb7CQkcCR6GrrjP4u.jpg</fanart>
</item>

<item>
<title>PART 2</title>
<link>https://www.dailymotion.com/embed/video/k6NIzrly1BCMofr5nNL?syndication=0?logo=0&autoPlay=1&quality=720&related=0</link>
<thumbnail>https://image.tmdb.org/t/p/w600_and_h900_bestv2/pRrhgkuE6vKb7CQkcCR6GrrjP4u.jpg</thumbnail>
<fanart>https://image.tmdb.org/t/p/w600_and_h900_bestv2/pRrhgkuE6vKb7CQkcCR6GrrjP4u.jpg</fanart>
</item>

<item>
<title>PART 3</title>
<link>https://www.dailymotion.com/embed/video/k5FXYTiWJHDraXr5ojQ?syndication=0?logo=0&autoPlay=1&quality=720&related=0</link>
<thumbnail>https://image.tmdb.org/t/p/w600_and_h900_bestv2/pRrhgkuE6vKb7CQkcCR6GrrjP4u.jpg</thumbnail>
<fanart>https://image.tmdb.org/t/p/w600_and_h900_bestv2/pRrhgkuE6vKb7CQkcCR6GrrjP4u.jpg</fanart>
</item>

<item>
<title>[COLOR gold]-------------------------------------------------------------------[/COLOR]</title>
</item>

<item>
<title>Day 2 NJPW Kizuna Road 2018 18/06/18 (Japanese Comentary)</title>
<thumbnail>https://image.tmdb.org/t/p/w600_and_h900_bestv2/pRrhgkuE6vKb7CQkcCR6GrrjP4u.jpg</thumbnail>
<fanart>https://image.tmdb.org/t/p/w600_and_h900_bestv2/pRrhgkuE6vKb7CQkcCR6GrrjP4u.jpg</fanart>
</item>

<item>
<title>PART 1</title>
<link>https://www.dailymotion.com/embed/video/k5BsK7PdSq8z04r5nzd?syndication=0?logo=0&autoPlay=1&quality=720&related=0</link>
<thumbnail>https://image.tmdb.org/t/p/w600_and_h900_bestv2/pRrhgkuE6vKb7CQkcCR6GrrjP4u.jpg</thumbnail>
<fanart>https://image.tmdb.org/t/p/w600_and_h900_bestv2/pRrhgkuE6vKb7CQkcCR6GrrjP4u.jpg</fanart>
</item>

<item>
<title>PART 2</title>
<link>https://www.dailymotion.com/embed/video/k5J0VnLyq44OHJr5nzb?syndication=0?logo=0&autoPlay=1&quality=720&related=0</link>
<thumbnail>https://image.tmdb.org/t/p/w600_and_h900_bestv2/pRrhgkuE6vKb7CQkcCR6GrrjP4u.jpg</thumbnail>
<fanart>https://image.tmdb.org/t/p/w600_and_h900_bestv2/pRrhgkuE6vKb7CQkcCR6GrrjP4u.jpg</fanart>
</item>

<item>
<title>PART 3</title>
<link>https://www.dailymotion.com/embed/video/k5FUiiXNIp3cqur5nzc?syndication=0?logo=0&autoPlay=1&quality=720&related=0</link>
<thumbnail>https://image.tmdb.org/t/p/w600_and_h900_bestv2/pRrhgkuE6vKb7CQkcCR6GrrjP4u.jpg</thumbnail>
<fanart>https://image.tmdb.org/t/p/w600_and_h900_bestv2/pRrhgkuE6vKb7CQkcCR6GrrjP4u.jpg</fanart>
</item>

<item>
<title>[COLOR gold]-------------------------------------------------------------------[/COLOR]</title>
</item>

<item>
<title>Day 1 NJPW Kizuna Road 2018 17/06/18 (Japanese Comentary)</title>
<thumbnail>https://image.tmdb.org/t/p/w600_and_h900_bestv2/pRrhgkuE6vKb7CQkcCR6GrrjP4u.jpg</thumbnail>
<fanart>https://image.tmdb.org/t/p/w600_and_h900_bestv2/pRrhgkuE6vKb7CQkcCR6GrrjP4u.jpg</fanart>
</item>

<item>
<title>PART 1</title>
<link>https://www.dailymotion.com/embed/video/k6heH1QqmUCXkFr3ZDj?syndication=0?logo=0&autoPlay=1&quality=720&related=0</link>
<thumbnail>https://image.tmdb.org/t/p/w600_and_h900_bestv2/pRrhgkuE6vKb7CQkcCR6GrrjP4u.jpg</thumbnail>
<fanart>https://image.tmdb.org/t/p/w600_and_h900_bestv2/pRrhgkuE6vKb7CQkcCR6GrrjP4u.jpg</fanart>
</item>

<item>
<title>PART 2</title>
<link>https://www.dailymotion.com/embed/video/k6RGlkFNXyIqxNr3Y7T?syndication=0?logo=0&autoPlay=1&quality=720&related=0</link>
<thumbnail>https://image.tmdb.org/t/p/w600_and_h900_bestv2/pRrhgkuE6vKb7CQkcCR6GrrjP4u.jpg</thumbnail>
<fanart>https://image.tmdb.org/t/p/w600_and_h900_bestv2/pRrhgkuE6vKb7CQkcCR6GrrjP4u.jpg</fanart>
</item>

<item>
<title>PART 3</title>
<link>https://www.dailymotion.com/embed/video/kO6ktSIwpgiTMvr3Y7U?syndication=0?logo=0&autoPlay=1&quality=720&related=0</link>
<thumbnail>https://image.tmdb.org/t/p/w600_and_h900_bestv2/pRrhgkuE6vKb7CQkcCR6GrrjP4u.jpg</thumbnail>
<fanart>https://image.tmdb.org/t/p/w600_and_h900_bestv2/pRrhgkuE6vKb7CQkcCR6GrrjP4u.jpg</fanart>
</item>