<item>
<title>WWE NXT 1/8/18</title>
<link>http://ww7.primego.org/x264/Dxmcbz3B3EiSPdi/Dxmcbz3B3EiSPdi.m3u8</link>
<thumbnail>https://m.media-amazon.com/images/M/MV5BNTc0ZDdhY2ItOWIxOC00OGRjLWI2NjMtODM4NjE5OTA4NDU0XkEyXkFqcGdeQXVyNDYyNDkxNzQ@._V1_.jpg</thumbnail>
<fanart>https://m.media-amazon.com/images/M/MV5BMGMwNThlNDItN2I3Yy00YWM1LThiZmItNTZiYzUwYzczMWQ2XkEyXkFqcGdeQXVyNTk1ODMyNjA@._V1_.jpg</fanart>
</item>

<item>
<title>[COLOR gold]-------------------------------------------------------------------[/COLOR]</title>
</item>

<item>
<title>WWE NXT 25/7/18</title>
<link>http://ww13.primego.org/x264/XCBkNYA2y0oMGfZ/XCBkNYA2y0oMGfZ.m3u8</link>
<thumbnail>https://m.media-amazon.com/images/M/MV5BNTc0ZDdhY2ItOWIxOC00OGRjLWI2NjMtODM4NjE5OTA4NDU0XkEyXkFqcGdeQXVyNDYyNDkxNzQ@._V1_.jpg</thumbnail>
<fanart>https://m.media-amazon.com/images/M/MV5BMGMwNThlNDItN2I3Yy00YWM1LThiZmItNTZiYzUwYzczMWQ2XkEyXkFqcGdeQXVyNTk1ODMyNjA@._V1_.jpg</fanart>
</item>

<item>
<title>[COLOR gold]-------------------------------------------------------------------[/COLOR]</title>
</item>

<item>
<title>WWE NXT 18/7/18</title>
<link>http://ww1.primego.org/x264/oImXxaVnYLtU0ls/oImXxaVnYLtU0ls.m3u8</link>
<thumbnail>https://m.media-amazon.com/images/M/MV5BNTc0ZDdhY2ItOWIxOC00OGRjLWI2NjMtODM4NjE5OTA4NDU0XkEyXkFqcGdeQXVyNDYyNDkxNzQ@._V1_.jpg</thumbnail>
<fanart>https://m.media-amazon.com/images/M/MV5BMGMwNThlNDItN2I3Yy00YWM1LThiZmItNTZiYzUwYzczMWQ2XkEyXkFqcGdeQXVyNTk1ODMyNjA@._V1_.jpg</fanart>
</item>

<item>
<title>[COLOR gold]-------------------------------------------------------------------[/COLOR]</title>
</item>

<item>
<title>WWE NXT 11/7/18</title>
<link>http://ww12.primego.org/x264/CoYKf1xHH9RBnQV/CoYKf1xHH9RBnQV.m3u8</link>
<thumbnail>https://m.media-amazon.com/images/M/MV5BNTc0ZDdhY2ItOWIxOC00OGRjLWI2NjMtODM4NjE5OTA4NDU0XkEyXkFqcGdeQXVyNDYyNDkxNzQ@._V1_.jpg</thumbnail>
<fanart>https://m.media-amazon.com/images/M/MV5BMGMwNThlNDItN2I3Yy00YWM1LThiZmItNTZiYzUwYzczMWQ2XkEyXkFqcGdeQXVyNTk1ODMyNjA@._V1_.jpg</fanart>
</item>

<item>
<title>[COLOR gold]-------------------------------------------------------------------[/COLOR]</title>
</item>

<item>
<title>WWE NXT 4/7/18</title>
<link>http://ww6.primego.org/x264/NV9XkXyMEnSBNMJ/NV9XkXyMEnSBNMJ.m3u8</link>
<thumbnail>https://m.media-amazon.com/images/M/MV5BNTc0ZDdhY2ItOWIxOC00OGRjLWI2NjMtODM4NjE5OTA4NDU0XkEyXkFqcGdeQXVyNDYyNDkxNzQ@._V1_.jpg</thumbnail>
<fanart>https://m.media-amazon.com/images/M/MV5BMGMwNThlNDItN2I3Yy00YWM1LThiZmItNTZiYzUwYzczMWQ2XkEyXkFqcGdeQXVyNTk1ODMyNjA@._V1_.jpg</fanart>
</item>

<item>
<title>[COLOR gold]-------------------------------------------------------------------[/COLOR]</title>
</item>

<item>
<title>WWE NXT 27/6/18</title>
<link>http://ww13.primego.org/x264/VFwaT0A4wtwhhKf/VFwaT0A4wtwhhKf.m3u8</link>
<thumbnail>https://m.media-amazon.com/images/M/MV5BNTc0ZDdhY2ItOWIxOC00OGRjLWI2NjMtODM4NjE5OTA4NDU0XkEyXkFqcGdeQXVyNDYyNDkxNzQ@._V1_.jpg</thumbnail>
<fanart>https://m.media-amazon.com/images/M/MV5BMGMwNThlNDItN2I3Yy00YWM1LThiZmItNTZiYzUwYzczMWQ2XkEyXkFqcGdeQXVyNTk1ODMyNjA@._V1_.jpg</fanart>
</item>

<item>
<title>[COLOR gold]-------------------------------------------------------------------[/COLOR]</title>
</item>

<item>
<title>WWE NXT 20/6/18</title>
<link>http://ww6.primego.org/x264/58UYe0cxp1FinBv/58UYe0cxp1FinBv.m3u8</link>
<thumbnail>https://m.media-amazon.com/images/M/MV5BNTc0ZDdhY2ItOWIxOC00OGRjLWI2NjMtODM4NjE5OTA4NDU0XkEyXkFqcGdeQXVyNDYyNDkxNzQ@._V1_.jpg</thumbnail>
<fanart>https://m.media-amazon.com/images/M/MV5BMGMwNThlNDItN2I3Yy00YWM1LThiZmItNTZiYzUwYzczMWQ2XkEyXkFqcGdeQXVyNTk1ODMyNjA@._V1_.jpg</fanart>
</item>

<item>
<title>[COLOR gold]-------------------------------------------------------------------[/COLOR]</title>
</item>

<item>
<title>WWE NXT TAKEOVER 16/6/18</title>
<thumbnail>https://m.media-amazon.com/images/M/MV5BOWNlYjk2ZTktM2UyNy00NjFiLThjMzUtZTZiM2NkY2M5ODExXkEyXkFqcGdeQXVyMzQwNDk2ODM@._V1_.jpg</thumbnail>
<fanart>https://m.media-amazon.com/images/M/MV5BMGMwNThlNDItN2I3Yy00YWM1LThiZmItNTZiYzUwYzczMWQ2XkEyXkFqcGdeQXVyNTk1ODMyNjA@._V1_.jpg</fanart>
</item>

<item>
<title>PRESHOW</title>
<link>http://ww4.primego.org/x264/gZhNv9Z1WGiCGfU/gZhNv9Z1WGiCGfU.m3u8</link>
<thumbnail>https://m.media-amazon.com/images/M/MV5BOWNlYjk2ZTktM2UyNy00NjFiLThjMzUtZTZiM2NkY2M5ODExXkEyXkFqcGdeQXVyMzQwNDk2ODM@._V1_.jpg</thumbnail>
<fanart>https://m.media-amazon.com/images/M/MV5BMGMwNThlNDItN2I3Yy00YWM1LThiZmItNTZiYzUwYzczMWQ2XkEyXkFqcGdeQXVyNTk1ODMyNjA@._V1_.jpg</fanart>
</item>

<item>
<title>PART 1</title>
<link>http://ww4.primego.org/x264/Cb2bUvZtpbT0TZj/Cb2bUvZtpbT0TZj.m3u8</link>
<thumbnail>https://m.media-amazon.com/images/M/MV5BOWNlYjk2ZTktM2UyNy00NjFiLThjMzUtZTZiM2NkY2M5ODExXkEyXkFqcGdeQXVyMzQwNDk2ODM@._V1_.jpg</thumbnail>
<fanart>https://m.media-amazon.com/images/M/MV5BMGMwNThlNDItN2I3Yy00YWM1LThiZmItNTZiYzUwYzczMWQ2XkEyXkFqcGdeQXVyNTk1ODMyNjA@._V1_.jpg</fanart>
</item>

<item>
<title>PART 2</title>
<link>http://ww5.primego.org/x264/MyqjtRe7pRBt1Ws/MyqjtRe7pRBt1Ws.m3u8</link>
<thumbnail>https://m.media-amazon.com/images/M/MV5BOWNlYjk2ZTktM2UyNy00NjFiLThjMzUtZTZiM2NkY2M5ODExXkEyXkFqcGdeQXVyMzQwNDk2ODM@._V1_.jpg</thumbnail>
<fanart>https://m.media-amazon.com/images/M/MV5BMGMwNThlNDItN2I3Yy00YWM1LThiZmItNTZiYzUwYzczMWQ2XkEyXkFqcGdeQXVyNTk1ODMyNjA@._V1_.jpg</fanart>
</item>

<item>
<title>PART 3</title>
<link>http://ww6.primego.org/x264/K7GOeSy7T67ZqS7/K7GOeSy7T67ZqS7.m3u8</link>
<thumbnail>https://m.media-amazon.com/images/M/MV5BOWNlYjk2ZTktM2UyNy00NjFiLThjMzUtZTZiM2NkY2M5ODExXkEyXkFqcGdeQXVyMzQwNDk2ODM@._V1_.jpg</thumbnail>
<fanart>https://m.media-amazon.com/images/M/MV5BMGMwNThlNDItN2I3Yy00YWM1LThiZmItNTZiYzUwYzczMWQ2XkEyXkFqcGdeQXVyNTk1ODMyNjA@._V1_.jpg</fanart>
</item>


<item>
<title>[COLOR gold]-------------------------------------------------------------------[/COLOR]</title>
</item>

<item>
<title>WWE NXT 13/6/18</title>
<link>http://ww9.primego.org/x264/WGs0bVmcUb0ryvw/WGs0bVmcUb0ryvw.m3u8</link>
<thumbnail>https://m.media-amazon.com/images/M/MV5BNTc0ZDdhY2ItOWIxOC00OGRjLWI2NjMtODM4NjE5OTA4NDU0XkEyXkFqcGdeQXVyNDYyNDkxNzQ@._V1_.jpg</thumbnail>
<fanart>https://m.media-amazon.com/images/M/MV5BMGMwNThlNDItN2I3Yy00YWM1LThiZmItNTZiYzUwYzczMWQ2XkEyXkFqcGdeQXVyNTk1ODMyNjA@._V1_.jpg</fanart>
</item>

<item>
<title>[COLOR gold]-------------------------------------------------------------------[/COLOR]</title>
</item>

<item>
<title>WWE NXT 6/6/18</title>
<link>http://ww10.primego.org/x264/CGLVUOHPPfFbHWB/CGLVUOHPPfFbHWB.m3u8</link>
<thumbnail>https://m.media-amazon.com/images/M/MV5BNTc0ZDdhY2ItOWIxOC00OGRjLWI2NjMtODM4NjE5OTA4NDU0XkEyXkFqcGdeQXVyNDYyNDkxNzQ@._V1_.jpg</thumbnail>
<fanart>https://m.media-amazon.com/images/M/MV5BMGMwNThlNDItN2I3Yy00YWM1LThiZmItNTZiYzUwYzczMWQ2XkEyXkFqcGdeQXVyNTk1ODMyNjA@._V1_.jpg</fanart>
</item>