<dir>
<title>WOS WRESTLING</title>
<link>http://builds.kodiuk.tv/development/loki/WWE/wos.xml</link>
<thumbnail>https://img00.deviantart.net/330e/i/2016/364/7/d/world_of_sport_wrestling_return_poster__by_the_mfster_designs-datgx5c.jpg</thumbnail>
<fanart>https://lordsofpain.net/wp-content/uploads/2018/07/WOS-Wrestling-900x480.jpg</fanart>
</dir>

<dir>
<title>Impact Wrestling</title>
<link>http://builds.kodiuk.tv/development/loki/WWE/impact.xml</link>
<thumbnail>https://image.tmdb.org/t/p/original/dizHAgvBN6Upzd5ysHz9GYZJcCD.jpg</thumbnail>
<fanart>https://m.media-amazon.com/images/M/MV5BN2ViMzQwMjQtZjEyOS00ZGNiLTg3OWUtNjFmZDEwN2FiNmFlXkEyXkFqcGdeQXVyNTk1ODMyNjA@._V1_SX1777_CR0,0,1777,999_AL_.jpg</fanart>
</dir>

<dir>
<title>Lucha UnderGround</title>
<link>http://builds.kodiuk.tv/development/loki/WWE/lucha.xml</link>
<thumbnail>https://m.media-amazon.com/images/M/MV5BMTQ2MjA1NjYxMV5BMl5BanBnXkFtZTgwNjc3NDY3NzE@._V1_SY1000_CR0,0,674,1000_AL_.jpg</thumbnail>
<fanart>https://m.media-amazon.com/images/M/MV5BOTBmNmY3OGYtOGE0Ni00MTIwLTkyMzMtMjY5Y2RhYzcxYjJjXkEyXkFqcGdeQXVyNTM3MDMyMDQ@._V1_.jpg</fanart>
</dir>

<dir>
<title>R.O.H</title>
<link>http://builds.kodiuk.tv/development/loki/WWE/roh.xml</link>
<thumbnail>https://m.media-amazon.com/images/M/MV5BZTg1MGFhZmYtOTk0YS00NGJlLTg2ZTktM2U4NGVlNzg4Y2JlXkEyXkFqcGdeQXVyODQ0MTc2Mjg@._V1_SY1000_CR0,0,585,1000_AL_.jpg</thumbnail>
<fanart>https://m.media-amazon.com/images/M/MV5BZGUxZDU3MmItMzc2Ny00ZjQ3LWEwNmYtYTA0MDQ5M2I3NzRlXkEyXkFqcGdeQXVyNTk1ODMyNjA@._V1_.jpg</fanart>
</dir>

<dir>
<title>NJPW</title>
<link>http://builds.kodiuk.tv/development/loki/WWE/njpw.xml</link>
<thumbnail>https://image.tmdb.org/t/p/w600_and_h900_bestv2/pRrhgkuE6vKb7CQkcCR6GrrjP4u.jpg</thumbnail>
<fanart>https://image.tmdb.org/t/p/w600_and_h900_bestv2/pRrhgkuE6vKb7CQkcCR6GrrjP4u.jpg</fanart>
</dir>
