<item>
  <title>=====WWE RAW 30/07/2018=====</title>
<thumbnail>https://image.tmdb.org/t/p/w600_and_h900_bestv2/2bZ5c9sHbzApWVIsUoWztg43EgB.jpg</thumbnail>
<fanart>https://image.tmdb.org/t/p/original/uGN4lerBCdBW8nTgk2lbKf3rc5l.jpg</fanart>
</item>

<item>
  <title>Part 1</title>
<link>http://ww12.primego.org/x264/xzH1GgwQbrljMk5/xzH1GgwQbrljMk5.m3u8</link>
<thumbnail>https://image.tmdb.org/t/p/w600_and_h900_bestv2/2bZ5c9sHbzApWVIsUoWztg43EgB.jpg</thumbnail>
<fanart>https://image.tmdb.org/t/p/original/uGN4lerBCdBW8nTgk2lbKf3rc5l.jpg</fanart>
</item>

<item>
  <title>Part 2</title>
  <link>http://ww2.primego.org/x264/ZTpDf3JaZ9tgvSI/ZTpDf3JaZ9tgvSI.m3u8</link>
 <thumbnail>https://image.tmdb.org/t/p/w600_and_h900_bestv2/2bZ5c9sHbzApWVIsUoWztg43EgB.jpg</thumbnail>
<fanart>https://image.tmdb.org/t/p/original/uGN4lerBCdBW8nTgk2lbKf3rc5l.jpg</fanart>
</item> 

<item>
  <title>Part 3</title>
  <link>http://ww4.primego.org/x264/g5pkJUOLbTh6GH9/g5pkJUOLbTh6GH9.m3u8</link>
<thumbnail>https://image.tmdb.org/t/p/w600_and_h900_bestv2/2bZ5c9sHbzApWVIsUoWztg43EgB.jpg</thumbnail>
<fanart>https://image.tmdb.org/t/p/original/uGN4lerBCdBW8nTgk2lbKf3rc5l.jpg</fanart>
</item>

<item>
<title>[COLOR red]-------------------------------------------------------------------[/COLOR]</title>
</item>


<item>
  <title>=====WWE RAW 23/07/2018=====</title>
<thumbnail>https://image.tmdb.org/t/p/w600_and_h900_bestv2/2bZ5c9sHbzApWVIsUoWztg43EgB.jpg</thumbnail>
<fanart>https://image.tmdb.org/t/p/original/uGN4lerBCdBW8nTgk2lbKf3rc5l.jpg</fanart>
</item>

<item>
  <title>Part 1</title>
<link>http://ww7.primego.org/x264/IfXpdSVd6SU1kx3/IfXpdSVd6SU1kx3.m3u8</link>
<thumbnail>https://image.tmdb.org/t/p/w600_and_h900_bestv2/2bZ5c9sHbzApWVIsUoWztg43EgB.jpg</thumbnail>
<fanart>https://image.tmdb.org/t/p/original/uGN4lerBCdBW8nTgk2lbKf3rc5l.jpg</fanart>
</item>

<item>
  <title>Part 2</title>
  <link>http://ww5.primego.org/x264/oJwWsyQ0ktjvxeS/oJwWsyQ0ktjvxeS.m3u8</link>
 <thumbnail>https://image.tmdb.org/t/p/w600_and_h900_bestv2/2bZ5c9sHbzApWVIsUoWztg43EgB.jpg</thumbnail>
<fanart>https://image.tmdb.org/t/p/original/uGN4lerBCdBW8nTgk2lbKf3rc5l.jpg</fanart>
</item> 

<item>
  <title>Part 3</title>
  <link>http://ww2.primego.org/x264/QDZPtaR8tGFDfdg/QDZPtaR8tGFDfdg.m3u8</link>
<thumbnail>https://image.tmdb.org/t/p/w600_and_h900_bestv2/2bZ5c9sHbzApWVIsUoWztg43EgB.jpg</thumbnail>
<fanart>https://image.tmdb.org/t/p/original/uGN4lerBCdBW8nTgk2lbKf3rc5l.jpg</fanart>
</item>

<item>
<title>[COLOR red]-------------------------------------------------------------------[/COLOR]</title>
</item>

<item>
  <title>=====WWE RAW 16/07/2018=====</title>
<thumbnail>https://image.tmdb.org/t/p/w600_and_h900_bestv2/2bZ5c9sHbzApWVIsUoWztg43EgB.jpg</thumbnail>
<fanart>https://image.tmdb.org/t/p/original/uGN4lerBCdBW8nTgk2lbKf3rc5l.jpg</fanart>
</item>

<item>
  <title>Part 1</title>
<link>http://ww8.primego.org/x264/gr7WV58IpviGZof/gr7WV58IpviGZof.m3u8</link>
<thumbnail>https://image.tmdb.org/t/p/w600_and_h900_bestv2/2bZ5c9sHbzApWVIsUoWztg43EgB.jpg</thumbnail>
<fanart>https://image.tmdb.org/t/p/original/uGN4lerBCdBW8nTgk2lbKf3rc5l.jpg</fanart>
</item>

<item>
  <title>Part 2</title>
  <link>http://ww5.primego.org/x264/vaQwTrFRHpCNeWV/vaQwTrFRHpCNeWV.m3u8</link>
 <thumbnail>https://image.tmdb.org/t/p/w600_and_h900_bestv2/2bZ5c9sHbzApWVIsUoWztg43EgB.jpg</thumbnail>
<fanart>https://image.tmdb.org/t/p/original/uGN4lerBCdBW8nTgk2lbKf3rc5l.jpg</fanart>
</item> 

<item>
  <title>Part 3</title>
  <link>http://ww1.primego.org/x264/fwuMzLaty21FpJF/fwuMzLaty21FpJF.m3u8</link>
<thumbnail>https://image.tmdb.org/t/p/w600_and_h900_bestv2/2bZ5c9sHbzApWVIsUoWztg43EgB.jpg</thumbnail>
<fanart>https://image.tmdb.org/t/p/original/uGN4lerBCdBW8nTgk2lbKf3rc5l.jpg</fanart>
</item>

<item>
<title>[COLOR red]-------------------------------------------------------------------[/COLOR]</title>
</item>

<item>
  <title>=====WWE RAW 09/07/2018=====</title>
<thumbnail>https://image.tmdb.org/t/p/w600_and_h900_bestv2/2bZ5c9sHbzApWVIsUoWztg43EgB.jpg</thumbnail>
<fanart>https://image.tmdb.org/t/p/original/uGN4lerBCdBW8nTgk2lbKf3rc5l.jpg</fanart>
</item>

<item>
  <title>Part 1</title>
<link>http://ww8.primego.org/x264/fqkHdlqBeoe2vxm/fqkHdlqBeoe2vxm.m3u8</link>
<thumbnail>https://image.tmdb.org/t/p/w600_and_h900_bestv2/2bZ5c9sHbzApWVIsUoWztg43EgB.jpg</thumbnail>
<fanart>https://image.tmdb.org/t/p/original/uGN4lerBCdBW8nTgk2lbKf3rc5l.jpg</fanart>
</item>

<item>
  <title>Part 2</title>
  <link>http://ww3.primego.org/x264/OZ2ZMNN3bvey2zl/OZ2ZMNN3bvey2zl.m3u8</link>
 <thumbnail>https://image.tmdb.org/t/p/w600_and_h900_bestv2/2bZ5c9sHbzApWVIsUoWztg43EgB.jpg</thumbnail>
<fanart>https://image.tmdb.org/t/p/original/uGN4lerBCdBW8nTgk2lbKf3rc5l.jpg</fanart>
</item> 

<item>
  <title>Part 3</title>
  <link>http://ww8.primego.org/x264/LFcpkAnhABOYMou/LFcpkAnhABOYMou.m3u8</link>
<thumbnail>https://image.tmdb.org/t/p/w600_and_h900_bestv2/2bZ5c9sHbzApWVIsUoWztg43EgB.jpg</thumbnail>
<fanart>https://image.tmdb.org/t/p/original/uGN4lerBCdBW8nTgk2lbKf3rc5l.jpg</fanart>
</item>

<item>
<title>[COLOR red]-------------------------------------------------------------------[/COLOR]</title>
</item>

<item>
  <title>=====WWE RAW 02/07/2018=====</title>
<thumbnail>https://image.tmdb.org/t/p/w600_and_h900_bestv2/2bZ5c9sHbzApWVIsUoWztg43EgB.jpg</thumbnail>
<fanart>https://image.tmdb.org/t/p/original/uGN4lerBCdBW8nTgk2lbKf3rc5l.jpg</fanart>
</item>

<item>
  <title>Part 1</title>
<link>http://ww6.primego.org/x264/kaRHNwS6ourUwPi/kaRHNwS6ourUwPi.m3u8</link>
<thumbnail>https://image.tmdb.org/t/p/w600_and_h900_bestv2/2bZ5c9sHbzApWVIsUoWztg43EgB.jpg</thumbnail>
<fanart>https://image.tmdb.org/t/p/original/uGN4lerBCdBW8nTgk2lbKf3rc5l.jpg</fanart>
</item>

<item>
  <title>Part 2</title>
  <link>http://ww1.primego.org/x264/PBBKzIp2qnqmXvS/PBBKzIp2qnqmXvS.m3u8</link>
 <thumbnail>https://image.tmdb.org/t/p/w600_and_h900_bestv2/2bZ5c9sHbzApWVIsUoWztg43EgB.jpg</thumbnail>
<fanart>https://image.tmdb.org/t/p/original/uGN4lerBCdBW8nTgk2lbKf3rc5l.jpg</fanart>
</item> 

<item>
  <title>Part 3</title>
  <link>http://ww7.primego.org/x264/y2o6nG9U6vuo54M/y2o6nG9U6vuo54M.m3u8</link>
<thumbnail>https://image.tmdb.org/t/p/w600_and_h900_bestv2/2bZ5c9sHbzApWVIsUoWztg43EgB.jpg</thumbnail>
<fanart>https://image.tmdb.org/t/p/original/uGN4lerBCdBW8nTgk2lbKf3rc5l.jpg</fanart>
</item>

<item>
<title>[COLOR red]-------------------------------------------------------------------[/COLOR]</title>
</item>

<item>
  <title>=====WWE RAW 25/06/2018=====</title>
<thumbnail>https://image.tmdb.org/t/p/w600_and_h900_bestv2/2bZ5c9sHbzApWVIsUoWztg43EgB.jpg</thumbnail>
<fanart>https://image.tmdb.org/t/p/original/uGN4lerBCdBW8nTgk2lbKf3rc5l.jpg</fanart>
</item>

<item>
  <title>Part 1</title>
<link>http://ww7.primego.org/x264/BITZECtsl9buBgI/BITZECtsl9buBgI.m3u8</link>
<thumbnail>https://image.tmdb.org/t/p/w600_and_h900_bestv2/2bZ5c9sHbzApWVIsUoWztg43EgB.jpg</thumbnail>
<fanart>https://image.tmdb.org/t/p/original/uGN4lerBCdBW8nTgk2lbKf3rc5l.jpg</fanart>
</item>

<item>
  <title>Part 2</title>
  <link>http://ww11.primego.org/x264/mYZJExeympk2z1n/mYZJExeympk2z1n.m3u8</link>
 <thumbnail>https://image.tmdb.org/t/p/w600_and_h900_bestv2/2bZ5c9sHbzApWVIsUoWztg43EgB.jpg</thumbnail>
<fanart>https://image.tmdb.org/t/p/original/uGN4lerBCdBW8nTgk2lbKf3rc5l.jpg</fanart>
</item> 

<item>
  <title>Part 3</title>
  <link>http://ww13.primego.org/x264/toKbJ1ekJVTNpEC/toKbJ1ekJVTNpEC.m3u8</link>
<thumbnail>https://image.tmdb.org/t/p/w600_and_h900_bestv2/2bZ5c9sHbzApWVIsUoWztg43EgB.jpg</thumbnail>
<fanart>https://image.tmdb.org/t/p/original/uGN4lerBCdBW8nTgk2lbKf3rc5l.jpg</fanart>
</item>

<item>
<title>[COLOR red]-------------------------------------------------------------------[/COLOR]</title>
</item>

<item>
  <title>=====WWE RAW 18/06/2018=====</title>
<thumbnail>https://image.tmdb.org/t/p/w600_and_h900_bestv2/2bZ5c9sHbzApWVIsUoWztg43EgB.jpg</thumbnail>
<fanart>https://image.tmdb.org/t/p/original/uGN4lerBCdBW8nTgk2lbKf3rc5l.jpg</fanart>
</item>

<item>
  <title>Part 1</title>
<link>http://ww10.primego.org/x264/LqriZfygyFowBFF/LqriZfygyFowBFF.m3u8</link>
<thumbnail>https://image.tmdb.org/t/p/w600_and_h900_bestv2/2bZ5c9sHbzApWVIsUoWztg43EgB.jpg</thumbnail>
<fanart>https://image.tmdb.org/t/p/original/uGN4lerBCdBW8nTgk2lbKf3rc5l.jpg</fanart>
</item>

<item>
  <title>Part 2</title>
  <link>http://ww10.primego.org/x264/HPrOiqihUPfrxjK/HPrOiqihUPfrxjK.m3u8</link>
 <thumbnail>https://image.tmdb.org/t/p/w600_and_h900_bestv2/2bZ5c9sHbzApWVIsUoWztg43EgB.jpg</thumbnail>
<fanart>https://image.tmdb.org/t/p/original/uGN4lerBCdBW8nTgk2lbKf3rc5l.jpg</fanart>
</item> 

<item>
  <title>Part 3</title>
  <link>http://ww7.primego.org/x264/Qt6viYClOc2A6Ak/Qt6viYClOc2A6Ak.m3u8</link>
<thumbnail>https://image.tmdb.org/t/p/w600_and_h900_bestv2/2bZ5c9sHbzApWVIsUoWztg43EgB.jpg</thumbnail>
<fanart>https://image.tmdb.org/t/p/original/uGN4lerBCdBW8nTgk2lbKf3rc5l.jpg</fanart>
</item>

<item>
<title>[COLOR red]-------------------------------------------------------------------[/COLOR]</title>
</item>

<item>
  <title>=====WWE RAW 11/06/2018=====</title>
<thumbnail>https://image.tmdb.org/t/p/w600_and_h900_bestv2/2bZ5c9sHbzApWVIsUoWztg43EgB.jpg</thumbnail>
<fanart>https://image.tmdb.org/t/p/original/uGN4lerBCdBW8nTgk2lbKf3rc5l.jpg</fanart>
</item>

<item>
  <title>Part 1</title>
<link>http://ww9.primego.org/x264/84q8i6ARfBmwD4A/84q8i6ARfBmwD4A.m3u8</link>
<thumbnail>https://image.tmdb.org/t/p/w600_and_h900_bestv2/2bZ5c9sHbzApWVIsUoWztg43EgB.jpg</thumbnail>
<fanart>https://image.tmdb.org/t/p/original/uGN4lerBCdBW8nTgk2lbKf3rc5l.jpg</fanart>
</item>

<item>
  <title>Part 2</title>
  <link>http://ww8.primego.org/x264/o21Mw68DpBHAm5D/o21Mw68DpBHAm5D.m3u8</link>
 <thumbnail>https://image.tmdb.org/t/p/w600_and_h900_bestv2/2bZ5c9sHbzApWVIsUoWztg43EgB.jpg</thumbnail>
<fanart>https://image.tmdb.org/t/p/original/uGN4lerBCdBW8nTgk2lbKf3rc5l.jpg</fanart>
</item> 

<item>
  <title>Part 3</title>
  <link>http://ww7.primego.org/x264/cdRPdf1D89vlD1K/cdRPdf1D89vlD1K.m3u8</link>
<thumbnail>https://image.tmdb.org/t/p/w600_and_h900_bestv2/2bZ5c9sHbzApWVIsUoWztg43EgB.jpg</thumbnail>
<fanart>https://image.tmdb.org/t/p/original/uGN4lerBCdBW8nTgk2lbKf3rc5l.jpg</fanart>
</item>

<item>
<title>[COLOR red]-------------------------------------------------------------------[/COLOR]</title>
</item>

<item>
  <title>=====WWE RAW 04/06/2018=====</title>
<thumbnail>https://image.tmdb.org/t/p/w600_and_h900_bestv2/2bZ5c9sHbzApWVIsUoWztg43EgB.jpg</thumbnail>
<fanart>https://image.tmdb.org/t/p/original/uGN4lerBCdBW8nTgk2lbKf3rc5l.jpg</fanart>
</item>

<item>
  <title>Part 1</title>
<link>http://ww11.primego.org/x264/dRtQYsIZLDQLzAU/dRtQYsIZLDQLzAU.m3u8</link>
<thumbnail>https://image.tmdb.org/t/p/w600_and_h900_bestv2/2bZ5c9sHbzApWVIsUoWztg43EgB.jpg</thumbnail>
<fanart>https://image.tmdb.org/t/p/original/uGN4lerBCdBW8nTgk2lbKf3rc5l.jpg</fanart>
</item>

<item>
  <title>Part 2</title>
  <link>http://ww9.primego.org/x264/P8TEKntICJ7pXdY/P8TEKntICJ7pXdY.m3u8</link>
 <thumbnail>https://image.tmdb.org/t/p/w600_and_h900_bestv2/2bZ5c9sHbzApWVIsUoWztg43EgB.jpg</thumbnail>
<fanart>https://image.tmdb.org/t/p/original/uGN4lerBCdBW8nTgk2lbKf3rc5l.jpg</fanart>
</item> 

<item>
  <title>Part 3</title>
  <link>http://ww8.primego.org/x264/TTRbmlDp2kJwLMV/TTRbmlDp2kJwLMV.m3u8</link>
<thumbnail>https://image.tmdb.org/t/p/w600_and_h900_bestv2/2bZ5c9sHbzApWVIsUoWztg43EgB.jpg</thumbnail>
<fanart>https://image.tmdb.org/t/p/original/uGN4lerBCdBW8nTgk2lbKf3rc5l.jpg</fanart>
</item>

<item>
<title>[COLOR red]-------------------------------------------------------------------[/COLOR]</title>
</item>

<item>
  <title>=====WWE RAW 28/05/2018=====</title>
<thumbnail>https://image.tmdb.org/t/p/w600_and_h900_bestv2/2bZ5c9sHbzApWVIsUoWztg43EgB.jpg</thumbnail>
<fanart>https://image.tmdb.org/t/p/original/uGN4lerBCdBW8nTgk2lbKf3rc5l.jpg</fanart>
</item>

<item>
  <title>Part 1</title>
<link>http://ww13.primego.org/x264/rgcHQUXhrEye77Z/rgcHQUXhrEye77Z.m3u8</link>
<thumbnail>https://image.tmdb.org/t/p/w600_and_h900_bestv2/2bZ5c9sHbzApWVIsUoWztg43EgB.jpg</thumbnail>
<fanart>https://image.tmdb.org/t/p/original/uGN4lerBCdBW8nTgk2lbKf3rc5l.jpg</fanart>
</item>

<item>
  <title>Part 2</title>
  <link>http://ww1.primego.org/x264/tEK8GDvmOBMD12j/tEK8GDvmOBMD12j.m3u8</link>
 <thumbnail>https://image.tmdb.org/t/p/w600_and_h900_bestv2/2bZ5c9sHbzApWVIsUoWztg43EgB.jpg</thumbnail>
<fanart>https://image.tmdb.org/t/p/original/uGN4lerBCdBW8nTgk2lbKf3rc5l.jpg</fanart>
</item> 

<item>
  <title>Part 3</title>
  <link>http://ww9.primego.org/x264/gNGVSM9gUuiA4vj/gNGVSM9gUuiA4vj.m3u8</link>
<thumbnail>https://image.tmdb.org/t/p/w600_and_h900_bestv2/2bZ5c9sHbzApWVIsUoWztg43EgB.jpg</thumbnail>
<fanart>https://image.tmdb.org/t/p/original/uGN4lerBCdBW8nTgk2lbKf3rc5l.jpg</fanart>
</item>

<item>
<title>[COLOR red]-------------------------------------------------------------------[/COLOR]</title>
</item>

<item>
  <title>=====WWE RAW 21/05/2018=====</title>
<thumbnail>https://image.tmdb.org/t/p/w600_and_h900_bestv2/2bZ5c9sHbzApWVIsUoWztg43EgB.jpg</thumbnail>
<fanart>https://image.tmdb.org/t/p/original/uGN4lerBCdBW8nTgk2lbKf3rc5l.jpg</fanart>
</item>

<item>
  <title>Part 1</title>
<link>http://ww10.primego.org/x264/OnxFAhmYcdnJV6t/OnxFAhmYcdnJV6t.m3u8</link>
<thumbnail>https://image.tmdb.org/t/p/w600_and_h900_bestv2/2bZ5c9sHbzApWVIsUoWztg43EgB.jpg</thumbnail>
<fanart>https://image.tmdb.org/t/p/original/uGN4lerBCdBW8nTgk2lbKf3rc5l.jpg</fanart>
</item>

<item>
  <title>Part 2</title>
  <link>http://ww3.primego.org/x264/pHUreeglV2OMYAO/pHUreeglV2OMYAO.m3u8</link>
 <thumbnail>https://image.tmdb.org/t/p/w600_and_h900_bestv2/2bZ5c9sHbzApWVIsUoWztg43EgB.jpg</thumbnail>
<fanart>https://image.tmdb.org/t/p/original/uGN4lerBCdBW8nTgk2lbKf3rc5l.jpg</fanart>
</item> 

<item>
  <title>Part 3</title>
  <link>http://ww1.primego.org/x264/m5f7X6GIXh4DIUj/m5f7X6GIXh4DIUj.m3u8</link>
<thumbnail>https://image.tmdb.org/t/p/w600_and_h900_bestv2/2bZ5c9sHbzApWVIsUoWztg43EgB.jpg</thumbnail>
<fanart>https://image.tmdb.org/t/p/original/uGN4lerBCdBW8nTgk2lbKf3rc5l.jpg</fanart>
</item>

<item>
<title>[COLOR red]-------------------------------------------------------------------[/COLOR]</title>
</item>


<item>
  <title>=====WWE RAW 14/05/2018=====</title>
<thumbnail>https://image.tmdb.org/t/p/w600_and_h900_bestv2/2bZ5c9sHbzApWVIsUoWztg43EgB.jpg</thumbnail>
<fanart>https://image.tmdb.org/t/p/original/uGN4lerBCdBW8nTgk2lbKf3rc5l.jpg</fanart>
</item>

<item>
  <title>Part 1</title>
<link>http://ww12.primego.org/x264/oJeIfUjVczCws8Z/oJeIfUjVczCws8Z.m3u8</link>
<thumbnail>https://image.tmdb.org/t/p/w600_and_h900_bestv2/2bZ5c9sHbzApWVIsUoWztg43EgB.jpg</thumbnail>
<fanart>https://image.tmdb.org/t/p/original/uGN4lerBCdBW8nTgk2lbKf3rc5l.jpg</fanart>
</item>

<item>
  <title>Part 2</title>
  <link>http://ww11.primego.org/x264/WR9wIEnE9EIh6r5/WR9wIEnE9EIh6r5.m3u8</link>
 <thumbnail>https://image.tmdb.org/t/p/w600_and_h900_bestv2/2bZ5c9sHbzApWVIsUoWztg43EgB.jpg</thumbnail>
<fanart>https://image.tmdb.org/t/p/original/uGN4lerBCdBW8nTgk2lbKf3rc5l.jpg</fanart>
</item> 

<item>
  <title>Part 3</title>
  <link>http://ww13.primego.org/x264/PWpYNyXiTf4XKXX/PWpYNyXiTf4XKXX.m3u8</link>
<thumbnail>https://image.tmdb.org/t/p/w600_and_h900_bestv2/2bZ5c9sHbzApWVIsUoWztg43EgB.jpg</thumbnail>
<fanart>https://image.tmdb.org/t/p/original/uGN4lerBCdBW8nTgk2lbKf3rc5l.jpg</fanart>
</item>

<item>
<title>[COLOR red]-------------------------------------------------------------------[/COLOR]</title>
</item>

<item>
  <title>=====WWE RAW 07/05/2018=====</title>
<thumbnail>https://image.tmdb.org/t/p/w600_and_h900_bestv2/2bZ5c9sHbzApWVIsUoWztg43EgB.jpg</thumbnail>
<fanart>https://image.tmdb.org/t/p/original/uGN4lerBCdBW8nTgk2lbKf3rc5l.jpg</fanart>
</item>

<item>
  <title>Link 1 Part 1</title>
<link>http://ww2.primego.org/x264/sdAIfBqYfSyh0x8/sdAIfBqYfSyh0x8.m3u8</link>
<thumbnail>https://image.tmdb.org/t/p/w600_and_h900_bestv2/2bZ5c9sHbzApWVIsUoWztg43EgB.jpg</thumbnail>
<fanart>https://image.tmdb.org/t/p/original/uGN4lerBCdBW8nTgk2lbKf3rc5l.jpg</fanart>
</item>

<item>
  <title>Link 1 Part 2</title>
  <link>http://ww11.primego.org/x264/FoKkMiYlE8cxWkY/FoKkMiYlE8cxWkY.m3u8</link>
 <thumbnail>https://image.tmdb.org/t/p/w600_and_h900_bestv2/2bZ5c9sHbzApWVIsUoWztg43EgB.jpg</thumbnail>
<fanart>https://image.tmdb.org/t/p/original/uGN4lerBCdBW8nTgk2lbKf3rc5l.jpg</fanart>
</item> 

<item>
  <title>Link 1 Part 3</title>
  <link>http://ww4.primego.org/x264/Ww946TE1tBo64WJ/Ww946TE1tBo64WJ.m3u8</link>
<thumbnail>https://image.tmdb.org/t/p/w600_and_h900_bestv2/2bZ5c9sHbzApWVIsUoWztg43EgB.jpg</thumbnail>
<fanart>https://image.tmdb.org/t/p/original/uGN4lerBCdBW8nTgk2lbKf3rc5l.jpg</fanart>
</item>

<item>
  <title>Link 2</title>
  <link>https://streamango.com/embed/ttcmkcodsmbnpcoa</link>
  <thumbnail>https://image.tmdb.org/t/p/w600_and_h900_bestv2/2bZ5c9sHbzApWVIsUoWztg43EgB.jpg</thumbnail>
<fanart>https://image.tmdb.org/t/p/original/uGN4lerBCdBW8nTgk2lbKf3rc5l.jpg</fanart>
</item>

<item>
<title>[COLOR red]-------------------------------------------------------------------[/COLOR]</title>
</item>

<item>
  <title>=====WWE RAW 30/04/2018=====</title>
<thumbnail>https://image.tmdb.org/t/p/w600_and_h900_bestv2/2bZ5c9sHbzApWVIsUoWztg43EgB.jpg</thumbnail>
<fanart>https://image.tmdb.org/t/p/original/uGN4lerBCdBW8nTgk2lbKf3rc5l.jpg</fanart>
</item>

<item>
  <title>Part 1</title>
<link>http://ww8.primego.org/x264/5SF4Qwnm9BB3j93/5SF4Qwnm9BB3j93.m3u8</link>
<thumbnail>https://image.tmdb.org/t/p/w600_and_h900_bestv2/2bZ5c9sHbzApWVIsUoWztg43EgB.jpg</thumbnail>
<fanart>https://image.tmdb.org/t/p/original/uGN4lerBCdBW8nTgk2lbKf3rc5l.jpg</fanart>
</item>

<item>
  <title>Part 2</title>
  <link>http://ww7.primego.org/x264/Zw7m1sR4Kcc8vms/Zw7m1sR4Kcc8vms.m3u8</link>
 <thumbnail>https://image.tmdb.org/t/p/w600_and_h900_bestv2/2bZ5c9sHbzApWVIsUoWztg43EgB.jpg</thumbnail>
<fanart>https://image.tmdb.org/t/p/original/uGN4lerBCdBW8nTgk2lbKf3rc5l.jpg</fanart>
</item> 

<item>
  <title>Part 3</title>
  <link>http://ww2.primego.org/x264/AriYEgtqKzELClo/AriYEgtqKzELClo.m3u8</link>
<thumbnail>https://image.tmdb.org/t/p/w600_and_h900_bestv2/2bZ5c9sHbzApWVIsUoWztg43EgB.jpg</thumbnail>
<fanart>https://image.tmdb.org/t/p/original/uGN4lerBCdBW8nTgk2lbKf3rc5l.jpg</fanart>
</item>

<item>
<title>[COLOR red]-------------------------------------------------------------------[/COLOR]</title>
</item>

<item>
  <title>=====WWE RAW 23/04/2018=====</title>
<thumbnail>https://image.tmdb.org/t/p/w600_and_h900_bestv2/2bZ5c9sHbzApWVIsUoWztg43EgB.jpg</thumbnail>
<fanart>https://image.tmdb.org/t/p/original/uGN4lerBCdBW8nTgk2lbKf3rc5l.jpg</fanart>
</item>

<item>
  <title>Part 1</title>
<link>http://ww13.primego.org/x264/uDBBJ2TSf8Wy4B1/uDBBJ2TSf8Wy4B1.m3u8</link>
<thumbnail>https://image.tmdb.org/t/p/w600_and_h900_bestv2/2bZ5c9sHbzApWVIsUoWztg43EgB.jpg</thumbnail>
<fanart>https://image.tmdb.org/t/p/original/uGN4lerBCdBW8nTgk2lbKf3rc5l.jpg</fanart>
</item>

<item>
  <title>Part 2</title>
  <link>http://ww3.primego.org/x264/UZQ6f7Sa4BPHO3V/UZQ6f7Sa4BPHO3V.m3u8</link>
 <thumbnail>https://image.tmdb.org/t/p/w600_and_h900_bestv2/2bZ5c9sHbzApWVIsUoWztg43EgB.jpg</thumbnail>
<fanart>https://image.tmdb.org/t/p/original/uGN4lerBCdBW8nTgk2lbKf3rc5l.jpg</fanart>
</item> 

<item>
  <title>Part 3</title>
  <link>http://ww8.primego.org/x264/8n5Xq7Pu7cXEE0d/8n5Xq7Pu7cXEE0d.m3u8</link>
<thumbnail>https://image.tmdb.org/t/p/w600_and_h900_bestv2/2bZ5c9sHbzApWVIsUoWztg43EgB.jpg</thumbnail>
<fanart>https://image.tmdb.org/t/p/original/uGN4lerBCdBW8nTgk2lbKf3rc5l.jpg</fanart>
</item>

<item>
<title>[COLOR red]-------------------------------------------------------------------[/COLOR]</title>
</item>
 
<item>
  <title>=====WWE RAW 16/04/2018=====</title>
<link>
  <sublink>http://ww7.primego.org/x264/HINdMAF2AsZNANK/HINdMAF2AsZNANK.m3u8(link 1 | PART 1 720P)</sublink>
  <sublink>http://ww7.primego.org/x264/ytUDWEIBS82icn3/ytUDWEIBS82icn3.m3u8(link 1 | PART 2 720P)</sublink>
  <sublink>http://ww2.primego.org/x264/jouEkQpr099qwUQ/jouEkQpr099qwUQ.m3u8(link 1 | PART 3 720P)</sublink>
</link>
<thumbnail>https://image.tmdb.org/t/p/w600_and_h900_bestv2/2bZ5c9sHbzApWVIsUoWztg43EgB.jpg</thumbnail>
<fanart>https://image.tmdb.org/t/p/original/uGN4lerBCdBW8nTgk2lbKf3rc5l.jpg</fanart>
</item>

<item>
<title>[COLOR red]-------------------------------------------------------------------[/COLOR]</title>
</item>

<item>
  <title>=====WWE RAW 09/04/2018=====</title>
<link>
  <sublink>http://ww9.primego.org/x264/wcTPvABNfqFAhke/wcTPvABNfqFAhke.m3u8(link 1 | PART 1 720P)</sublink>
  <sublink>http://ww3.primego.org/x264/dgRiXLCCGtlhRmf/dgRiXLCCGtlhRmf.m3u8(link 1 | PART 2 720P)</sublink>
  <sublink>http://ww1.primego.org/x264/D3Jw9DUgFd9MTxk/D3Jw9DUgFd9MTxk.m3u8(link 1 | PART 3 720P)</sublink>
</link>
<thumbnail>https://image.tmdb.org/t/p/w600_and_h900_bestv2/2bZ5c9sHbzApWVIsUoWztg43EgB.jpg</thumbnail>
<fanart>https://image.tmdb.org/t/p/original/uGN4lerBCdBW8nTgk2lbKf3rc5l.jpg</fanart>
</item>

<item>
<title>[COLOR red]-------------------------------------------------------------------[/COLOR]</title>
</item>

<item>
  <title>=====WWE RAW 02/04/2018=====</title>
<link>
  <sublink>http://fruitstreams.com/embed/kklksqlmombneknf(link  | SD)</sublink>
  <sublink>http://www.dailymotion.com/embed/video/k6NLlqLvyOroNWqvMZO?syndication=0?logo=0&autoPlay=1&quality=720&related=0(link 2 | PART 1 720P)</sublink>
  <sublink>http://www.dailymotion.com/embed/video/k2faBNK5lgbgytqvMZQ?syndication=0?logo=0&autoPlay=1&quality=720&related=0(link 2 | PART 2 720P)</sublink>
  <sublink>http://www.dailymotion.com/embed/video/k1igbwqhKBXC4fqvMZP?syndication=0?logo=0&autoPlay=1&quality=720&related=0(link 2 | PART 3 720P)</sublink>
</link>
<thumbnail>https://image.tmdb.org/t/p/w600_and_h900_bestv2/2bZ5c9sHbzApWVIsUoWztg43EgB.jpg</thumbnail>
<fanart>https://image.tmdb.org/t/p/original/uGN4lerBCdBW8nTgk2lbKf3rc5l.jpg</fanart>
</item>

<item>
<title>[COLOR red]-------------------------------------------------------------------[/COLOR]</title>
</item>

<item>
  <title>=====WWE RAW 26/03/2018=====</title>
<link>
  <sublink>http://vidto.me/bmobn38uw38z.html(link 1 | SD)</sublink>
  <sublink>http://ww9.primego.org/x264/LWrVBQcDGDdiDP1/LWrVBQcDGDdiDP1.m3u8(link 2 | PART 1)</sublink>
  <sublink>http://ww9.primego.org/x264/54SAtFm7Ugf0POq/54SAtFm7Ugf0POq.m3u8(link 2 | PART 2)</sublink>
  <sublink>http://ww8.primego.org/x264/eA7YTOZogvmb4rd/eA7YTOZogvmb4rd.m3u8(link 2 | PART 3)</sublink>
</link>
  <thumbnail>https://image.tmdb.org/t/p/w600_and_h900_bestv2/2bZ5c9sHbzApWVIsUoWztg43EgB.jpg</thumbnail>
  <fanart>https://image.tmdb.org/t/p/original/uGN4lerBCdBW8nTgk2lbKf3rc5l.jpg</fanart>
</item>

<item>
<title>[COLOR red]-------------------------------------------------------------------[/COLOR]</title>
</item>
  
<item>
<title>=====WWE RAW 19/03/2018=====</title>
<link>
  <sublink>http://ww13.primego.org/x264/QotoeN0F5vLC0RF/QotoeN0F5vLC0RF.m3u8(link 1 | PART 1 720P)</sublink>
  <sublink>http://ww2.primego.org/x264/cKI1vuQGO286KZY/cKI1vuQGO286KZY.m3u8(link 1 | PART 2 720P)</sublink> 
  <sublink>http://ww1.primego.org/x264/h5V3a654SiJmqO0/h5V3a654SiJmqO0.m3u8(link 1 | PART 3 720P)</sublink>
</link>
  <thumbnail>https://image.tmdb.org/t/p/w600_and_h900_bestv2/2bZ5c9sHbzApWVIsUoWztg43EgB.jpg</thumbnail>
  <fanart>https://image.tmdb.org/t/p/original/uGN4lerBCdBW8nTgk2lbKf3rc5l.jpg</fanart>
</item>

<item>
<title>[COLOR red]-------------------------------------------------------------------[/COLOR]</title>
</item>

<item>
<title>=====WWE RAW 12/03/2018=====</title>
<link>
<sublink>http://ww10.primego.org/x264/xDTfmtkB8XDH94J/xDTfmtkB8XDH94J.m3u8(link 1 | PART 1 720P)</sublink>
<sublink>http://ww4.primego.org/x264/NmpJTP2LO8X2BIv/NmpJTP2LO8X2BIv.m3u8(link 1 | PART 2 720P)</sublink>
<sublink>http://ww3.primego.org/x264/JgDgRc4mMkNOgwj/JgDgRc4mMkNOgwj.m3u8(link 1 | PART 3 720P)</sublink>
</link>
<thumbnail>https://image.tmdb.org/t/p/w600_and_h900_bestv2/2bZ5c9sHbzApWVIsUoWztg43EgB.jpg</thumbnail>
<fanart>https://image.tmdb.org/t/p/original/uGN4lerBCdBW8nTgk2lbKf3rc5l.jpg</fanart>
</item>