<item>
<title>ROH 27/07/18</title>
<link>https://www.dailymotion.com/embed/video/kdyzE77RgFLlvCrBt3h?syndication=0?logo=0&autoPlay=1&quality=720&related=0</link>
<thumbnail>https://m.media-amazon.com/images/M/MV5BZTg1MGFhZmYtOTk0YS00NGJlLTg2ZTktM2U4NGVlNzg4Y2JlXkEyXkFqcGdeQXVyODQ0MTc2Mjg@._V1_SY1000_CR0,0,585,1000_AL_.jpg</thumbnail>
<fanart>https://m.media-amazon.com/images/M/MV5BZGUxZDU3MmItMzc2Ny00ZjQ3LWEwNmYtYTA0MDQ5M2I3NzRlXkEyXkFqcGdeQXVyNTk1ODMyNjA@._V1_.jpg</fanart>
</item>

<item>
<title>[COLOR gold]-------------------------------------------------------------------[/COLOR]</title>
</item>

<item>
<title>ROH 20/07/18</title>
<link>https://www.dailymotion.com/embed/video/k4CU7v8bMawVTArvg1k?syndication=0?logo=0&autoPlay=1&quality=720&related=0</link>
<thumbnail>https://m.media-amazon.com/images/M/MV5BZTg1MGFhZmYtOTk0YS00NGJlLTg2ZTktM2U4NGVlNzg4Y2JlXkEyXkFqcGdeQXVyODQ0MTc2Mjg@._V1_SY1000_CR0,0,585,1000_AL_.jpg</thumbnail>
<fanart>https://m.media-amazon.com/images/M/MV5BZGUxZDU3MmItMzc2Ny00ZjQ3LWEwNmYtYTA0MDQ5M2I3NzRlXkEyXkFqcGdeQXVyNTk1ODMyNjA@._V1_.jpg</fanart>
</item>

<item>
<title>[COLOR gold]-------------------------------------------------------------------[/COLOR]</title>
</item>

<item>
<title>ROH Honor For All 20/7/2018</title>
<thumbnail>https://m.media-amazon.com/images/M/MV5BZTg1MGFhZmYtOTk0YS00NGJlLTg2ZTktM2U4NGVlNzg4Y2JlXkEyXkFqcGdeQXVyODQ0MTc2Mjg@._V1_SY1000_CR0,0,585,1000_AL_.jpg</thumbnail>
<fanart>https://m.media-amazon.com/images/M/MV5BZGUxZDU3MmItMzc2Ny00ZjQ3LWEwNmYtYTA0MDQ5M2I3NzRlXkEyXkFqcGdeQXVyNTk1ODMyNjA@._V1_.jpg</fanart>
</item>

<item>
<title>PART 1</title>
<link>https://www.dailymotion.com/embed/video/k1C4bsAZlT2Mdert5e6?syndication=0?logo=0&autoPlay=1&quality=720&related=0</link>
<thumbnail>https://m.media-amazon.com/images/M/MV5BZTg1MGFhZmYtOTk0YS00NGJlLTg2ZTktM2U4NGVlNzg4Y2JlXkEyXkFqcGdeQXVyODQ0MTc2Mjg@._V1_SY1000_CR0,0,585,1000_AL_.jpg</thumbnail>
<fanart>https://m.media-amazon.com/images/M/MV5BZGUxZDU3MmItMzc2Ny00ZjQ3LWEwNmYtYTA0MDQ5M2I3NzRlXkEyXkFqcGdeQXVyNTk1ODMyNjA@._V1_.jpg</fanart>
</item>

<item>
<title>PART 2</title>
<link>https://www.dailymotion.com/embed/video/k4y9gc19GgDfw1rt5e4?syndication=0?logo=0&autoPlay=1&quality=720&related=0</link>
<thumbnail>https://m.media-amazon.com/images/M/MV5BZTg1MGFhZmYtOTk0YS00NGJlLTg2ZTktM2U4NGVlNzg4Y2JlXkEyXkFqcGdeQXVyODQ0MTc2Mjg@._V1_SY1000_CR0,0,585,1000_AL_.jpg</thumbnail>
<fanart>https://m.media-amazon.com/images/M/MV5BZGUxZDU3MmItMzc2Ny00ZjQ3LWEwNmYtYTA0MDQ5M2I3NzRlXkEyXkFqcGdeQXVyNTk1ODMyNjA@._V1_.jpg</fanart>
</item>

<item>
<title>PART 3</title>
<link>https://www.dailymotion.com/embed/video/k1SWfFGDsze2r4rt5e5?syndication=0?logo=0&autoPlay=1&quality=720&related=0</link>
<thumbnail>https://m.media-amazon.com/images/M/MV5BZTg1MGFhZmYtOTk0YS00NGJlLTg2ZTktM2U4NGVlNzg4Y2JlXkEyXkFqcGdeQXVyODQ0MTc2Mjg@._V1_SY1000_CR0,0,585,1000_AL_.jpg</thumbnail>
<fanart>https://m.media-amazon.com/images/M/MV5BZGUxZDU3MmItMzc2Ny00ZjQ3LWEwNmYtYTA0MDQ5M2I3NzRlXkEyXkFqcGdeQXVyNTk1ODMyNjA@._V1_.jpg</fanart>
</item>

<item>
<title>[COLOR gold]-------------------------------------------------------------------[/COLOR]</title>
</item>

<item>
<title>ROH 13/07/18</title>
<link>https://www.dailymotion.com/embed/video/k6hRruLynTHczdroBCd?syndication=0?logo=0&autoPlay=1&quality=720&related=0</link>
<thumbnail>https://m.media-amazon.com/images/M/MV5BZTg1MGFhZmYtOTk0YS00NGJlLTg2ZTktM2U4NGVlNzg4Y2JlXkEyXkFqcGdeQXVyODQ0MTc2Mjg@._V1_SY1000_CR0,0,585,1000_AL_.jpg</thumbnail>
<fanart>https://m.media-amazon.com/images/M/MV5BZGUxZDU3MmItMzc2Ny00ZjQ3LWEwNmYtYTA0MDQ5M2I3NzRlXkEyXkFqcGdeQXVyNTk1ODMyNjA@._V1_.jpg</fanart>
</item>

<item>
<title>[COLOR gold]-------------------------------------------------------------------[/COLOR]</title>
</item>

<item>
<title>ROH 06/07/18</title>
<link>https://www.dailymotion.com/embed/video/k1N2qMpJy5HcBLri9W7?syndication=0?logo=0&autoPlay=1&quality=720&related=0</link>
<thumbnail>https://m.media-amazon.com/images/M/MV5BZTg1MGFhZmYtOTk0YS00NGJlLTg2ZTktM2U4NGVlNzg4Y2JlXkEyXkFqcGdeQXVyODQ0MTc2Mjg@._V1_SY1000_CR0,0,585,1000_AL_.jpg</thumbnail>
<fanart>https://m.media-amazon.com/images/M/MV5BZGUxZDU3MmItMzc2Ny00ZjQ3LWEwNmYtYTA0MDQ5M2I3NzRlXkEyXkFqcGdeQXVyNTk1ODMyNjA@._V1_.jpg</fanart>
</item>

<item>
<title>[COLOR gold]-------------------------------------------------------------------[/COLOR]</title>
</item>

<item>
<title>ROH 29/6/18</title>
<link>https://www.dailymotion.com/embed/video/k4SLn7nZXVihQMrdCFb?syndication=0?logo=0&autoPlay=1&quality=720&related=0</link>
<thumbnail>https://m.media-amazon.com/images/M/MV5BZTg1MGFhZmYtOTk0YS00NGJlLTg2ZTktM2U4NGVlNzg4Y2JlXkEyXkFqcGdeQXVyODQ0MTc2Mjg@._V1_SY1000_CR0,0,585,1000_AL_.jpg</thumbnail>
<fanart>https://m.media-amazon.com/images/M/MV5BZGUxZDU3MmItMzc2Ny00ZjQ3LWEwNmYtYTA0MDQ5M2I3NzRlXkEyXkFqcGdeQXVyNTk1ODMyNjA@._V1_.jpg</fanart>
</item>

<item>
<title>[COLOR gold]-------------------------------------------------------------------[/COLOR]</title>
</item>

<item>
<title>ROH Fairfax Excellence 30/6/18 World Championship Match</title>
<link>https://www.dailymotion.com/embed/video/k5EhCjpPbvbOjMrcyLb?syndication=0?logo=0&autoPlay=1&quality=720&related=0</link>
<thumbnail>https://m.media-amazon.com/images/M/MV5BZTg1MGFhZmYtOTk0YS00NGJlLTg2ZTktM2U4NGVlNzg4Y2JlXkEyXkFqcGdeQXVyODQ0MTc2Mjg@._V1_SY1000_CR0,0,585,1000_AL_.jpg</thumbnail>
<fanart>https://m.media-amazon.com/images/M/MV5BZGUxZDU3MmItMzc2Ny00ZjQ3LWEwNmYtYTA0MDQ5M2I3NzRlXkEyXkFqcGdeQXVyNTk1ODMyNjA@._V1_.jpg</fanart>
</item>

<item>
<title>[COLOR gold]-------------------------------------------------------------------[/COLOR]</title>
</item>

<item>
<title>ROH Best In The World 29/6/18</title>
<thumbnail>https://m.media-amazon.com/images/M/MV5BZTg1MGFhZmYtOTk0YS00NGJlLTg2ZTktM2U4NGVlNzg4Y2JlXkEyXkFqcGdeQXVyODQ0MTc2Mjg@._V1_SY1000_CR0,0,585,1000_AL_.jpg</thumbnail>
<fanart>https://m.media-amazon.com/images/M/MV5BZGUxZDU3MmItMzc2Ny00ZjQ3LWEwNmYtYTA0MDQ5M2I3NzRlXkEyXkFqcGdeQXVyNTk1ODMyNjA@._V1_.jpg</fanart>
</item>

<item>
<title>PREVIEW</title>
<link>https://www.dailymotion.com/embed/video/k2F5wr8lGB7oG7rbS75?syndication=0?logo=0&autoPlay=1&quality=720&related=0</link>
<thumbnail>https://m.media-amazon.com/images/M/MV5BZTg1MGFhZmYtOTk0YS00NGJlLTg2ZTktM2U4NGVlNzg4Y2JlXkEyXkFqcGdeQXVyODQ0MTc2Mjg@._V1_SY1000_CR0,0,585,1000_AL_.jpg</thumbnail>
<fanart>https://m.media-amazon.com/images/M/MV5BZGUxZDU3MmItMzc2Ny00ZjQ3LWEwNmYtYTA0MDQ5M2I3NzRlXkEyXkFqcGdeQXVyNTk1ODMyNjA@._V1_.jpg</fanart>
</item>

<item>
<title>PART 1</title>
<link>https://www.dailymotion.com/embed/video/k6JIcoYvoru2purbSb6?syndication=0?logo=0&autoPlay=1&quality=720&related=0</link>
<thumbnail>https://m.media-amazon.com/images/M/MV5BZTg1MGFhZmYtOTk0YS00NGJlLTg2ZTktM2U4NGVlNzg4Y2JlXkEyXkFqcGdeQXVyODQ0MTc2Mjg@._V1_SY1000_CR0,0,585,1000_AL_.jpg</thumbnail>
<fanart>https://m.media-amazon.com/images/M/MV5BZGUxZDU3MmItMzc2Ny00ZjQ3LWEwNmYtYTA0MDQ5M2I3NzRlXkEyXkFqcGdeQXVyNTk1ODMyNjA@._V1_.jpg</fanart>
</item>

<item>
<title>PART 2</title>
<link>https://www.dailymotion.com/embed/video/k7DVWxyEAPqS8crbSb7?syndication=0?logo=0&autoPlay=1&quality=720&related=0</link>
<thumbnail>https://m.media-amazon.com/images/M/MV5BZTg1MGFhZmYtOTk0YS00NGJlLTg2ZTktM2U4NGVlNzg4Y2JlXkEyXkFqcGdeQXVyODQ0MTc2Mjg@._V1_SY1000_CR0,0,585,1000_AL_.jpg</thumbnail>
<fanart>https://m.media-amazon.com/images/M/MV5BZGUxZDU3MmItMzc2Ny00ZjQ3LWEwNmYtYTA0MDQ5M2I3NzRlXkEyXkFqcGdeQXVyNTk1ODMyNjA@._V1_.jpg</fanart>
</item>

<item>
<title>PART 3</title>
<link>https://www.dailymotion.com/embed/video/k6LCfskLDAqlborbSb5?syndication=0?logo=0&autoPlay=1&quality=720&related=0</link>
<thumbnail>https://m.media-amazon.com/images/M/MV5BZTg1MGFhZmYtOTk0YS00NGJlLTg2ZTktM2U4NGVlNzg4Y2JlXkEyXkFqcGdeQXVyODQ0MTc2Mjg@._V1_SY1000_CR0,0,585,1000_AL_.jpg</thumbnail>
<fanart>https://m.media-amazon.com/images/M/MV5BZGUxZDU3MmItMzc2Ny00ZjQ3LWEwNmYtYTA0MDQ5M2I3NzRlXkEyXkFqcGdeQXVyNTk1ODMyNjA@._V1_.jpg</fanart>
</item>

<item>
<title>[COLOR gold]-------------------------------------------------------------------[/COLOR]</title>
</item>

<item>
<title>ROH 21/6/18</title>
<link>https://www.dailymotion.com/embed/video/k5Hm1RiLuGBbkFr8K4j?syndication=0?logo=0&autoPlay=1&quality=720&related=0</link>
<thumbnail>https://m.media-amazon.com/images/M/MV5BZTg1MGFhZmYtOTk0YS00NGJlLTg2ZTktM2U4NGVlNzg4Y2JlXkEyXkFqcGdeQXVyODQ0MTc2Mjg@._V1_SY1000_CR0,0,585,1000_AL_.jpg</thumbnail>
<fanart>https://m.media-amazon.com/images/M/MV5BZGUxZDU3MmItMzc2Ny00ZjQ3LWEwNmYtYTA0MDQ5M2I3NzRlXkEyXkFqcGdeQXVyNTk1ODMyNjA@._V1_.jpg</fanart>
</item>

<item>
<title>[COLOR gold]-------------------------------------------------------------------[/COLOR]</title>
</item>

<item>
<title>ROH 15/6/18</title>
<link>https://www.dailymotion.com/embed/video/k3uVq7gw0hN5UWr4NuF?syndication=0?logo=0&autoPlay=1&quality=720&related=0</link>
<thumbnail>https://m.media-amazon.com/images/M/MV5BZTg1MGFhZmYtOTk0YS00NGJlLTg2ZTktM2U4NGVlNzg4Y2JlXkEyXkFqcGdeQXVyODQ0MTc2Mjg@._V1_SY1000_CR0,0,585,1000_AL_.jpg</thumbnail>
<fanart>https://m.media-amazon.com/images/M/MV5BZGUxZDU3MmItMzc2Ny00ZjQ3LWEwNmYtYTA0MDQ5M2I3NzRlXkEyXkFqcGdeQXVyNTk1ODMyNjA@._V1_.jpg</fanart>
</item>

<item>
<title>[COLOR gold]-------------------------------------------------------------------[/COLOR]</title>
</item>

<item>
<title>ROH State Of Art Dallas 16/6/18</title>
<thumbnail>https://m.media-amazon.com/images/M/MV5BZTg1MGFhZmYtOTk0YS00NGJlLTg2ZTktM2U4NGVlNzg4Y2JlXkEyXkFqcGdeQXVyODQ0MTc2Mjg@._V1_SY1000_CR0,0,585,1000_AL_.jpg</thumbnail>
<fanart>https://m.media-amazon.com/images/M/MV5BZGUxZDU3MmItMzc2Ny00ZjQ3LWEwNmYtYTA0MDQ5M2I3NzRlXkEyXkFqcGdeQXVyNTk1ODMyNjA@._V1_.jpg</fanart>
</item>

<item>
<title>PART 1</title>
<link>https://www.dailymotion.com/embed/video/k7OqfggHkrySGxr40l1?syndication=0?logo=0&autoPlay=1&quality=720&related=0</link>
<thumbnail>https://m.media-amazon.com/images/M/MV5BZTg1MGFhZmYtOTk0YS00NGJlLTg2ZTktM2U4NGVlNzg4Y2JlXkEyXkFqcGdeQXVyODQ0MTc2Mjg@._V1_SY1000_CR0,0,585,1000_AL_.jpg</thumbnail>
<fanart>https://m.media-amazon.com/images/M/MV5BZGUxZDU3MmItMzc2Ny00ZjQ3LWEwNmYtYTA0MDQ5M2I3NzRlXkEyXkFqcGdeQXVyNTk1ODMyNjA@._V1_.jpg</fanart>
</item>

<item>
<title>PART 2</title>
<link>https://www.dailymotion.com/embed/video/k3Ko3INERgWPYur41aY?syndication=0?logo=0&autoPlay=1&quality=720&related=0</link>
<thumbnail>https://m.media-amazon.com/images/M/MV5BZTg1MGFhZmYtOTk0YS00NGJlLTg2ZTktM2U4NGVlNzg4Y2JlXkEyXkFqcGdeQXVyODQ0MTc2Mjg@._V1_SY1000_CR0,0,585,1000_AL_.jpg</thumbnail>
<fanart>https://m.media-amazon.com/images/M/MV5BZGUxZDU3MmItMzc2Ny00ZjQ3LWEwNmYtYTA0MDQ5M2I3NzRlXkEyXkFqcGdeQXVyNTk1ODMyNjA@._V1_.jpg</fanart>
</item>

<item>
<title>PART 3</title>
<link>https://www.dailymotion.com/embed/video/k1Q0iPxadZZFipr41aX?syndication=0?logo=0&autoPlay=1&quality=720&related=0</link>
<thumbnail>https://m.media-amazon.com/images/M/MV5BZTg1MGFhZmYtOTk0YS00NGJlLTg2ZTktM2U4NGVlNzg4Y2JlXkEyXkFqcGdeQXVyODQ0MTc2Mjg@._V1_SY1000_CR0,0,585,1000_AL_.jpg</thumbnail>
<fanart>https://m.media-amazon.com/images/M/MV5BZGUxZDU3MmItMzc2Ny00ZjQ3LWEwNmYtYTA0MDQ5M2I3NzRlXkEyXkFqcGdeQXVyNTk1ODMyNjA@._V1_.jpg</fanart>
</item>

<item>
<title>PART 4</title>
<link>https://www.dailymotion.com/embed/video/k6N3zqIKThEdLWr41aW?syndication=0?logo=0&autoPlay=1&quality=720&related=0</link>
<thumbnail>https://m.media-amazon.com/images/M/MV5BZTg1MGFhZmYtOTk0YS00NGJlLTg2ZTktM2U4NGVlNzg4Y2JlXkEyXkFqcGdeQXVyODQ0MTc2Mjg@._V1_SY1000_CR0,0,585,1000_AL_.jpg</thumbnail>
<fanart>https://m.media-amazon.com/images/M/MV5BZGUxZDU3MmItMzc2Ny00ZjQ3LWEwNmYtYTA0MDQ5M2I3NzRlXkEyXkFqcGdeQXVyNTk1ODMyNjA@._V1_.jpg</fanart>
</item>

<item>
<title>[COLOR gold]-------------------------------------------------------------------[/COLOR]</title>
</item>

<item>
<title>ROH State Of The Art San Antonio 15/06/18</title>
<thumbnail>https://m.media-amazon.com/images/M/MV5BZTg1MGFhZmYtOTk0YS00NGJlLTg2ZTktM2U4NGVlNzg4Y2JlXkEyXkFqcGdeQXVyODQ0MTc2Mjg@._V1_SY1000_CR0,0,585,1000_AL_.jpg</thumbnail>
<fanart>https://m.media-amazon.com/images/M/MV5BZGUxZDU3MmItMzc2Ny00ZjQ3LWEwNmYtYTA0MDQ5M2I3NzRlXkEyXkFqcGdeQXVyNTk1ODMyNjA@._V1_.jpg</fanart>
</item>

<item>
<title>PART 1</title>
<link>https://www.dailymotion.com/embed/video/k2loUrmHkdMaZQr3xhl?syndication=0?logo=0&autoPlay=1&quality=720&related=0</link>
<thumbnail>https://m.media-amazon.com/images/M/MV5BZTg1MGFhZmYtOTk0YS00NGJlLTg2ZTktM2U4NGVlNzg4Y2JlXkEyXkFqcGdeQXVyODQ0MTc2Mjg@._V1_SY1000_CR0,0,585,1000_AL_.jpg</thumbnail>
<fanart>https://m.media-amazon.com/images/M/MV5BZGUxZDU3MmItMzc2Ny00ZjQ3LWEwNmYtYTA0MDQ5M2I3NzRlXkEyXkFqcGdeQXVyNTk1ODMyNjA@._V1_.jpg</fanart>
</item>

<item>
<title>PART 2</title>
<link>https://www.dailymotion.com/embed/video/k1XshTzuoAxKhOr3xhn?syndication=0?logo=0&autoPlay=1&quality=720&related=0</link>
<thumbnail>https://m.media-amazon.com/images/M/MV5BZTg1MGFhZmYtOTk0YS00NGJlLTg2ZTktM2U4NGVlNzg4Y2JlXkEyXkFqcGdeQXVyODQ0MTc2Mjg@._V1_SY1000_CR0,0,585,1000_AL_.jpg</thumbnail>
<fanart>https://m.media-amazon.com/images/M/MV5BZGUxZDU3MmItMzc2Ny00ZjQ3LWEwNmYtYTA0MDQ5M2I3NzRlXkEyXkFqcGdeQXVyNTk1ODMyNjA@._V1_.jpg</fanart>
</item>

<item>
<title>PART 3</title>
<link>https://www.dailymotion.com/embed/video/kU33da7z5pGIvrr3xhm?syndication=0?logo=0&autoPlay=1&quality=720&related=0</link>
<thumbnail>https://m.media-amazon.com/images/M/MV5BZTg1MGFhZmYtOTk0YS00NGJlLTg2ZTktM2U4NGVlNzg4Y2JlXkEyXkFqcGdeQXVyODQ0MTc2Mjg@._V1_SY1000_CR0,0,585,1000_AL_.jpg</thumbnail>
<fanart>https://m.media-amazon.com/images/M/MV5BZGUxZDU3MmItMzc2Ny00ZjQ3LWEwNmYtYTA0MDQ5M2I3NzRlXkEyXkFqcGdeQXVyNTk1ODMyNjA@._V1_.jpg</fanart>
</item>