<item>
<title>Royal Rumble 2018</title>
<link>
<sublink>http://fastplay.to/6zkcm6u7l91z.html</sublink>
<sublink>https://streamango.com/f/mbfobtcqcqtpbema/WWE_Royal_Rumble_2018_PPV_WEB_h264-HEEL_1_mp4</sublink>
<sublink>https://weshare.me/02add8a35a595930/WWE.Royal.Rumble.2018.PPV.720p.WEB.h264-HEEL.mp4</sublink>
<sublink>https://openload.co/f/u3u0YbSSIsE</sublink>
<sublink>https://openload.co/f/nzMr-ik93_g/WWE.Royal.Rumble.2018.PPV.720p.mp4</sublink>
</link>
<thumbnail>https://ia.media-imdb.com/images/M/MV5BODUyZTJlMDYtYTk0Yy00NWNhLWE3NjktOTRkZDAzNjQwNDdjXkEyXkFqcGdeQXVyMzQwNDk2ODM@._V1_SY1000_CR0,0,598,1000_AL_.jpg</thumbnail>
<fanart>https://ia.media-imdb.com/images/M/MV5BZDMyYTE2YjMtZjVmZS00YjM0LWFkZWQtNjcwY2M0MmE3N2Q2XkEyXkFqcGdeQXVyNzQzNDM3NTI@._V1_.jpg</fanart>
</item>

<item>
<title>Royal Rumble 2017</title>
<link>
<sublink>https://streamango.com/f/seeeoaqrodstfsmc/wwe_royal_rumble_2017_ppv_hdtv_x264-plutonium_mkv_mp4(link 1 | HD)</sublink>
<sublink>https://openload.co/f/A78ro2q5bDQ/WWE.Royal.Rumble.2017.PPV(Link 2 | HD)</sublink>
<sublink>https://openload.co/f/OzkEddp3Gzk/wwe.royal.rumble.2017.ppv.SUP.mkv.mp4(Link 3 | HD)</sublink>
</link>
<thumbnail>https://ia.media-imdb.com/images/M/MV5BMmYyYjFiYTgtMDViZS00M2ViLTlhYjAtMTViZWIyYmMyNDFkL2ltYWdlXkEyXkFqcGdeQXVyMjkxODI3MTY@._V1_SY1000_CR0,0,681,1000_AL_.jpg</thumbnail>
<fanart>https://ia.media-imdb.com/images/M/MV5BY2IwNGY3NjYtYTY1ZC00MmFjLTlhOGYtNWFlMGI1NmI4N2ExXkEyXkFqcGdeQXVyNzMyOTkzMjc@._V1_.jpg</fanart>
</item>

<item>
<title>Royal Rumble 2016</title>
<link>
<sublink>>http://vidzi.tv/b6uqbeax2w3b.html(link 1 | SD)</sublink>
<sublink>https://streamango.com/f/lebtoppbpbelsbbp/WWE_Royal_Rumble_2016_PPV_WEBRip_h264-WD_mp4(link 2 | HD 720p)</sublink>
<sublink>https://openload.co/f/wjpWO1MQlu8/WWE.Royal.Rumble.2016.PPV.WEBRip.h264-WD.mp4(link 3 | HD)</sublink>
</link>
<thumbnail>https://ia.media-imdb.com/images/M/MV5BMjJjOTljYmItMDdkMC00ZWI2LWE1NzEtNjE2YTY0NDA1NDhhXkEyXkFqcGdeQXVyNDUzOTQ5MjY@._V1_.jpg</thumbnail>
<fanart>https://ia.media-imdb.com/images/M/MV5BZTZjMjdjMmItMDdlZi00MWI2LThlYjEtMDdiZmYwNjU2MTA1XkEyXkFqcGdeQXVyMjQwMDQ2ODM@._V1_.jpg</fanart>
</item>

<item>
<title>Royal Rumble 2015</title>
<link>
<sublink>https://streamango.com/f/dffottsomenlamma/wwe_royal_rumble_2015_ppv_hdtv_x264-kyr_mp4(link 1 | HD)</sublink>
<sublink>:https://openload.co/f/Pk90st7pBFA/wwe.royal.rumble.2015.ppv.hdtv.x264-kyr.mp4(link 2 | HD)</sublink>
</link>
<thumbnail>https://ia.media-imdb.com/images/M/MV5BYmIzNGI2NTMtYjQxZi00NGZiLWIxNWMtNGU3NzA3ZmNlNDkwXkEyXkFqcGdeQXVyNDg0MDg4NzA@._V1_SY1000_CR0,0,733,1000_AL_.jpg</thumbnail>
<fanart>https://ia.media-imdb.com/images/M/MV5BMDI5NDQyOTYtNDZjOC00YjU2LTk1MzEtMWZmZjUyMjViNGNmXkEyXkFqcGdeQXVyNzQzNDM3NTI@._V1_.jpg</fanart>
</item>

<item>
<title>Royal Rumble 2014</title>
<link>
<sublink>https://streamango.com/f/rmcbcolrdsseskno/WWE_Royal_Rumble_2014_PPV_720p_HDTV_x264-KYR_mkv(link 1 | HD)</sublink>
<sublink>https://openload.co/f/R9nlj8sYcY8/WWE.Royal.Rumble.2014.PPV.720p.HDTV.x264-KYR.mkv(link 2 | HD)</sublink>
</link>
<thumbnail>https://ia.media-imdb.com/images/M/MV5BNTYzMTViMmUtZWY4OC00M2NmLWI2MDctYzJhYmExYWZkOTEzXkEyXkFqcGdeQXVyMzQwNDk2ODM@._V1_.jpg</thumbnail>
<fanart>https://ia.media-imdb.com/images/M/MV5BZDA0YzcxYWYtMTJlYS00NmY1LTlkYTQtYjQwNDJjMGNiMzRlXkEyXkFqcGdeQXVyMjQwMDQ2ODM@._V1_.jpg</fanart>
</item>

<item>
<title>Royal Rumble 2013</title>
<link>
<sublink>http://uptobox.com/i9r7kihkpv9m(link 1 | HD)</sublink>
<sublink>https://openload.co/f/XnG9q5LA6VQ(link 2 | HD)</sublink>
</link>
<thumbnail>https://ia.media-imdb.com/images/M/MV5BNmJkYmU4M2YtNmU4NS00OTRjLTgzZDEtYjU1MmIwYjFmMmI2XkEyXkFqcGdeQXVyMjkxODI3MTY@._V1_SY1000_CR0,0,669,1000_AL_.jpg</thumbnail>
<fanart>https://ia.media-imdb.com/images/M/MV5BYjlkNDFmZmItZDliYy00MWEwLTg5MDMtMTZlZDQ1YzI1MmQxXkEyXkFqcGdeQXVyNzQzNDM3NTI@._V1_.jpg</fanart>
</item>

<item>
<title>Royal Rumble 2012</title>
<link>
<sublink>>https://my.mail.ru/mail/jay.jay2017/video/_myvideo/17.html(link 1 | SD)</sublink>
<sublink>https://openload.co/f/swfHf40Exwc(link 2 | HD)</sublink>
</link>
<thumbnail>https://ia.media-imdb.com/images/M/MV5BNDc4MTk1NzQ3NV5BMl5BanBnXkFtZTgwNDUxNzAxMzE@._V1_.jpg</thumbnail>
<fanart>https://ia.media-imdb.com/images/M/MV5BODBiMmUzMzMtYTI0Ny00NGVkLWI4ZTItZjczMTNiOTlmNjUyXkEyXkFqcGdeQXVyMjQwMDQ2ODM@._V1_.jpg</fanart>
</item>

<item>
<title>Royal Rumble 2011</title>
<link>
<sublink>https://my.mail.ru/mail/jay.jay2017/video/_myvideo/16.html(link 1 | SD)</sublink>
</link>
<thumbnail>https://ia.media-imdb.com/images/M/MV5BNGMwNmQyMmQtN2FhNC00NDYwLWExZGQtMjI0MWQ2N2VlYzcyXkEyXkFqcGdeQXVyMTEyMDcwNw@@._V1_SY1000_CR0,0,679,1000_AL_.jpg</thumbnail>
<fanart>https://image.tmdb.org/t/p/original/qowGMuUhn0vjbQBBx76QtOUaxjO.jpg</fanart>
</item>

<item>
<title>Royal Rumble 2010</title>
<link>
<sublink>https://openload.co/f/ZkFY80Tc_uQ(link 1 | SD)</sublink>
</link>
<thumbnail>https://ia.media-imdb.com/images/M/MV5BYzJkOWVkM2ItZjY4Mi00OTFmLTlmOTMtODllMWFmZDA2MDcyXkEyXkFqcGdeQXVyNzg5OTk2OA@@._V1_.jpg</thumbnail>
<fanart>https://image.tmdb.org/t/p/original/o787lS4vEjwaqSFoAiEkunQujoD.jpg</fanart>
</item>

<item>
<title>Royal Rumble 2009</title>
<link>
<sublink>https://openload.co/f/VsWMpdesF9g(link 1 | HD)</sublink>
</link>
<thumbnail>https://ia.media-imdb.com/images/M/MV5BMTA4NjEyNTA2ODleQTJeQWpwZ15BbWU3MDgzMjQ2MzI@._V1_.jpg</thumbnail>
<fanart>https://image.tmdb.org/t/p/original/i49TzZN5shcSB9J9YJxNejHITn1.jpg</fanart>
</item>

<item>
<title>Royal Rumble 2008</title>
<link>
<sublink>>https://openload.co/f/6rOQ2i3Ow6A(link 1 | HD)</sublink>
<sublink></sublink>
<sublink></sublink>
</link>
<thumbnail>https://ia.media-imdb.com/images/M/MV5BMTI5MDkwNTcyN15BMl5BanBnXkFtZTcwODYxMjE2MQ@@._V1_.jpg</thumbnail>
<fanart>https://ia.media-imdb.com/images/M/MV5BMTI5MDkwNTcyN15BMl5BanBnXkFtZTcwODYxMjE2MQ@@._V1_.jpg</fanart>
</item>

<item>
<title>Royal Rumble 2007</title>
<link>
<sublink>http://www.dailymotion.com/video/x46o33u(link 1 | part 1)</sublink>
<sublink>http://www.dailymotion.com/video/x46oa0l(link 2 | part 2)</sublink>
<sublink>http://www.dailymotion.com/video/x46odec(link 3 | part 3)</sublink>
</link>
<thumbnail>https://ia.media-imdb.com/images/M/MV5BMmI5OWQwZTYtMDMxZC00YmU1LWE5NjQtN2ZhZjdlNGM3OTdhXkEyXkFqcGdeQXVyMTEyMDcwNw@@._V1_.jpg</thumbnail>
<fanart>https://image.tmdb.org/t/p/original/5kVBZ1jZcBDmrWiUczxa1zhq6Mv.jpg</fanart>
</item>

<item>
<title>Royal Rumble 2006</title>
<link>

<sublink>http://www.dailymotion.com/video/k4SSYfuNHgkhCd2QpeH(link 1 | part 1)</sublink>
<sublink>http://www.dailymotion.com/video/k4mIjg3PPqskWT2QpAc(link 2 | part 2)</sublink>
<sublink>http://www.dailymotion.com/video/k4pOEiHi9nUhj22QpRC(link 3 | part 3)</sublink>
<sublink>>https://openload.co/f/3dL2aUz7XnE(link 4 | SD)</sublink>
</link>
<thumbnail>https://image.tmdb.org/t/p/w600_and_h900_bestv2/l3LOFa8dT3tNW1jMtLm0MRIAhfn.jpg</thumbnail>
<fanart>https://image.tmdb.org/t/p/w350_and_h196_bestv2/18gmzcSHV6wyyBJFfAlj3ydsGZA.jpg</fanart>
</item>

<item>
<title>Royal Rumble 2005</title>
<link>
<sublink>http://www.dailymotion.com/video/x47cnyj(link 1 | part 1)</sublink>
<sublink>http://www.dailymotion.com/video/x47cs3s(link 2 | part 2)</sublink>
<sublink>http://www.dailymotion.com/video/x47d1om(link 3 | part 3)</sublink>
</link>
<thumbnail>https://ia.media-imdb.com/images/M/MV5BNzE5ODU2NzczNl5BMl5BanBnXkFtZTcwMDI2MjgyMQ@@._V1_.jpg</thumbnail>
<fanart>https://image.tmdb.org/t/p/original/vtps23yyayQXPNrdrgANmpb1xNj.jpg</fanart>
</item>

<item>
<title>Royal Rumble 2004</title>
<link>
<sublink>http://www.dailymotion.com/video/x5qyvyz(link 1 | part 1)</sublink>
<sublink>http://www.dailymotion.com/video/x5q2mk1(link 2 | part 2)</sublink>
<sublink>http://www.dailymotion.com/video/x5ruhf0(link 3 | part 3)</sublink>
<sublink>https://uptobox.com/rl7e69gt8nix(link  | HD)</sublink>
</link>
<thumbnail>https://image.tmdb.org/t/p/w600_and_h900_bestv2/4Sij4DfCPc3KgFRRKtVm75CcVJ4.jpg</thumbnail>
<fanart>https://image.tmdb.org/t/p/original/dmWfKtksrMsue1RtMcS6GWRW5xP.jpg</fanart>
</item>

<item>
<title>Royal Rumble 2003</title>
<link>
<sublink>no link</sublink>
<sublink></sublink>
<sublink></sublink>
</link>
<thumbnail>https://image.tmdb.org/t/p/w600_and_h900_bestv2/k3OikM7qJ91D57fqF36hiJXBWOg.jpg</thumbnail>
<fanart>https://image.tmdb.org/t/p/original/iozWzmuEFPLADjyVwSo6uaYSp0J.jpg</fanart>
</item>

<item>
<title>Royal Rumble 2002</title>
<link>
<sublink>http://www.dailymotion.com/video/x6fmmw7(link 1 | part 1)</sublink>
<sublink>http://www.dailymotion.com/video/x6fmmqs(link 2 | part 2)</sublink>
<sublink>http://www.dailymotion.com/video/x6dsjll(link 3 | part 3)</sublink>
<sublink>http://www.dailymotion.com/video/x6dskra(link 4 | part 4)</sublink>
<sublink>>https://openload.co/f/K-3hBmkPSX0(link 1 | HD)</sublink>
</link>
<thumbnail>https://image.tmdb.org/t/p/w600_and_h900_bestv2/7eHs72hTtBYhXzAtR2cVGxPXxnS.jpg</thumbnail>
<fanart>https://image.tmdb.org/t/p/original/qFTQbdql3Lk7kEZFn0t7XFiMvOu.jpg</fanart>
</item>

<item>
<title>Royal Rumble 2001</title>
<link>
<sublink>https://streamango.com/f/pmlofrarfpdqflpo/WWE_Royal_Rumble_2001_720p_WEB-DL_H264_mp4(link 1 | HD)</sublink>
<sublink>:https://openload.co/f/Vp3alGA15So/WWE.Royal.Rumble.2001.720p.WEB-DL.H264.mp4(link 2 | HD)</sublink>
</link>
<thumbnail>https://image.tmdb.org/t/p/w600_and_h900_bestv2/690m2qMQdQsMKIzSfgdlt3UCquu.jpg</thumbnail>
<fanart>https://image.tmdb.org/t/p/original/s8LBThc6WR19sGarSWv8itW20pA.jpg</fanart>
</item>

<item>
<title>Royal Rumble 2000</title>
<link>
<sublink>http://masterwrestling.info/new/archive/Royal%20Rumble/Royal%20Rumble%20%282000%29%20%5BMasterWrestling%5D.avi(link 1 | HD)</sublink>
<sublink>https://openload.co/f/uylIVfspzG8/WWE.Royal.Rumble.2000.720p.WEB-DL.H264.mp4(link 2 | HD)</sublink>
</link>
<thumbnail>https://image.tmdb.org/t/p/w600_and_h900_bestv2/oqCNaV43MQMVCR36L0VQ79E4Eyb.jpg</thumbnail>
<fanart>https://image.tmdb.org/t/p/original/1aDC6j21wWVYzcZC8PDgehpiZEg.jpg</fanart>
</item>

<item>
<title>Royal Rumble 1999</title>
<link>
<sublink>https://streamango.com/f/oofdctbeccmqmaee/WWE_Royal_Rumble_1999_720p_WEB-DL_H264_mp4(link 1 | HD)</sublink>
<sublink>:https://openload.co/f/gBS_GIgPfV8/WWE.Royal.Rumble.1999.720p.WEB-DL.H264.mp4(link 2 | HD)</sublink>
</link>
<thumbnail>https://image.tmdb.org/t/p/w600_and_h900_bestv2/suaXXUPsJUzKRuFOHkWrWHq2Tn6.jpg</thumbnail>
<fanart>https://image.tmdb.org/t/p/original/jfYuej4lPzyegsl8XZCWcdyOUSa.jpg</fanart>
</item>

