<item>
  <title>=====WWE SMACKDOWN 31/07/2018=====</title>
  <thumbnail>https://image.tmdb.org/t/p/w600_and_h900_bestv2/9qP9kdRQezFzNN66nPdhE78BrP7.jpg</thumbnail>
  <fanart>https://image.tmdb.org/t/p/original/sSZz3sI1uH0GXCfYCPF52xBvmlt.jpg</fanart>
</item>

<item>
  <title>PART 1</title>
<link>http://ww12.primego.org/x264/vhdO6tfxhnOIXGL/vhdO6tfxhnOIXGL.m3u8</link>
  <summary>SMACKDOWN LIVE PART 1</summary>
  <thumbnail>https://image.tmdb.org/t/p/w600_and_h900_bestv2/9qP9kdRQezFzNN66nPdhE78BrP7.jpg</thumbnail>
  <fanart>https://image.tmdb.org/t/p/original/sSZz3sI1uH0GXCfYCPF52xBvmlt.jpg</fanart>
</item>

<item>
  <title>PART 2</title>
<link>http://ww2.primego.org/x264/g7qMQCGcI2nnf1M/g7qMQCGcI2nnf1M.m3u8</link>
  <summary>SMACKDOWN LIVE PART 2</summary>
  <thumbnail>https://image.tmdb.org/t/p/w600_and_h900_bestv2/9qP9kdRQezFzNN66nPdhE78BrP7.jpg</thumbnail>
  <fanart>https://image.tmdb.org/t/p/original/sSZz3sI1uH0GXCfYCPF52xBvmlt.jpg</fanart>
</item>

<item>
  <title>[COLOR royalblue]------------------------------------------------------------[/COLOR]</title>
  <thumbnail>https://image.tmdb.org/t/p/w600_and_h900_bestv2/9qP9kdRQezFzNN66nPdhE78BrP7.jpg</thumbnail>
  <fanart>https://image.tmdb.org/t/p/original/sSZz3sI1uH0GXCfYCPF52xBvmlt.jpg</fanart>
  </item>

<item>
  <title>=====WWE SMACKDOWN 24/07/2018=====</title>
  <thumbnail>https://image.tmdb.org/t/p/w600_and_h900_bestv2/9qP9kdRQezFzNN66nPdhE78BrP7.jpg</thumbnail>
  <fanart>https://image.tmdb.org/t/p/original/sSZz3sI1uH0GXCfYCPF52xBvmlt.jpg</fanart>
</item>

<item>
  <title>PART 1</title>
<link>http://ww12.primego.org/x264/uSdXOcWxxwSNc6O/uSdXOcWxxwSNc6O.m3u8</link>
  <summary>SMACKDOWN LIVE PART 1</summary>
  <thumbnail>https://image.tmdb.org/t/p/w600_and_h900_bestv2/9qP9kdRQezFzNN66nPdhE78BrP7.jpg</thumbnail>
  <fanart>https://image.tmdb.org/t/p/original/sSZz3sI1uH0GXCfYCPF52xBvmlt.jpg</fanart>
</item>

<item>
  <title>PART 2</title>
<link>http://ww9.primego.org/x264/8BbL3zCeGPx2CGV/8BbL3zCeGPx2CGV.m3u8</link>
  <summary>SMACKDOWN LIVE PART 2</summary>
  <thumbnail>https://image.tmdb.org/t/p/w600_and_h900_bestv2/9qP9kdRQezFzNN66nPdhE78BrP7.jpg</thumbnail>
  <fanart>https://image.tmdb.org/t/p/original/sSZz3sI1uH0GXCfYCPF52xBvmlt.jpg</fanart>
</item>

<item>
  <title>[COLOR royalblue]------------------------------------------------------------[/COLOR]</title>
  <thumbnail>https://image.tmdb.org/t/p/w600_and_h900_bestv2/9qP9kdRQezFzNN66nPdhE78BrP7.jpg</thumbnail>
  <fanart>https://image.tmdb.org/t/p/original/sSZz3sI1uH0GXCfYCPF52xBvmlt.jpg</fanart>
  </item>

<item>
  <title>=====WWE SMACKDOWN 17/07/2018=====</title>
  <thumbnail>https://image.tmdb.org/t/p/w600_and_h900_bestv2/9qP9kdRQezFzNN66nPdhE78BrP7.jpg</thumbnail>
  <fanart>https://image.tmdb.org/t/p/original/sSZz3sI1uH0GXCfYCPF52xBvmlt.jpg</fanart>
</item>

<item>
  <title>PART 1</title>
<link>http://ww13.primego.org/x264/2Km3EkH2hnjCysL/2Km3EkH2hnjCysL.m3u8</link>
  <summary>SMACKDOWN LIVE PART 1</summary>
  <thumbnail>https://image.tmdb.org/t/p/w600_and_h900_bestv2/9qP9kdRQezFzNN66nPdhE78BrP7.jpg</thumbnail>
  <fanart>https://image.tmdb.org/t/p/original/sSZz3sI1uH0GXCfYCPF52xBvmlt.jpg</fanart>
</item>

<item>
  <title>PART 2</title>
<link>http://ww11.primego.org/x264/4Bx8ey7k0pAO16k/4Bx8ey7k0pAO16k.m3u8</link>
  <summary>SMACKDOWN LIVE PART 2</summary>
  <thumbnail>https://image.tmdb.org/t/p/w600_and_h900_bestv2/9qP9kdRQezFzNN66nPdhE78BrP7.jpg</thumbnail>
  <fanart>https://image.tmdb.org/t/p/original/sSZz3sI1uH0GXCfYCPF52xBvmlt.jpg</fanart>
</item>

<item>
  <title>[COLOR royalblue]------------------------------------------------------------[/COLOR]</title>
  <thumbnail>https://image.tmdb.org/t/p/w600_and_h900_bestv2/9qP9kdRQezFzNN66nPdhE78BrP7.jpg</thumbnail>
  <fanart>https://image.tmdb.org/t/p/original/sSZz3sI1uH0GXCfYCPF52xBvmlt.jpg</fanart>
  </item>

<item>
  <title>=====WWE SMACKDOWN 10/07/2018=====</title>
  <thumbnail>https://image.tmdb.org/t/p/w600_and_h900_bestv2/9qP9kdRQezFzNN66nPdhE78BrP7.jpg</thumbnail>
  <fanart>https://image.tmdb.org/t/p/original/sSZz3sI1uH0GXCfYCPF52xBvmlt.jpg</fanart>
</item>

<item>
  <title>PART 1</title>
<link>http://ww1.primego.org/x264/nZHNjdBx6GLzw1q/nZHNjdBx6GLzw1q.m3u8</link>
  <summary>SMACKDOWN LIVE PART 1</summary>
  <thumbnail>https://image.tmdb.org/t/p/w600_and_h900_bestv2/9qP9kdRQezFzNN66nPdhE78BrP7.jpg</thumbnail>
  <fanart>https://image.tmdb.org/t/p/original/sSZz3sI1uH0GXCfYCPF52xBvmlt.jpg</fanart>
</item>

<item>
  <title>PART 2</title>
<link>http://ww11.primego.org/x264/tLPssvrnjw9cGFz/tLPssvrnjw9cGFz.m3u8</link>
  <summary>SMACKDOWN LIVE PART 2</summary>
  <thumbnail>https://image.tmdb.org/t/p/w600_and_h900_bestv2/9qP9kdRQezFzNN66nPdhE78BrP7.jpg</thumbnail>
  <fanart>https://image.tmdb.org/t/p/original/sSZz3sI1uH0GXCfYCPF52xBvmlt.jpg</fanart>
</item>

<item>
  <title>[COLOR royalblue]------------------------------------------------------------[/COLOR]</title>
  <thumbnail>https://image.tmdb.org/t/p/w600_and_h900_bestv2/9qP9kdRQezFzNN66nPdhE78BrP7.jpg</thumbnail>
  <fanart>https://image.tmdb.org/t/p/original/sSZz3sI1uH0GXCfYCPF52xBvmlt.jpg</fanart>
  </item>

<item>
  <title>=====WWE SMACKDOWN 03/07/2018=====</title>
  <thumbnail>https://image.tmdb.org/t/p/w600_and_h900_bestv2/9qP9kdRQezFzNN66nPdhE78BrP7.jpg</thumbnail>
  <fanart>https://image.tmdb.org/t/p/original/sSZz3sI1uH0GXCfYCPF52xBvmlt.jpg</fanart>
</item>

<item>
  <title>PART 1</title>
<link>http://ww2.primego.org/x264/gvTKhrTQmxmXxJ3/gvTKhrTQmxmXxJ3.m3u8</link>
  <summary>SMACKDOWN LIVE PART 1</summary>
  <thumbnail>https://image.tmdb.org/t/p/w600_and_h900_bestv2/9qP9kdRQezFzNN66nPdhE78BrP7.jpg</thumbnail>
  <fanart>https://image.tmdb.org/t/p/original/sSZz3sI1uH0GXCfYCPF52xBvmlt.jpg</fanart>
</item>

<item>
  <title>PART 2</title>
<link>http://ww10.primego.org/x264/fw3Pxf7QGtGwFfS/fw3Pxf7QGtGwFfS.m3u8</link>
  <summary>SMACKDOWN LIVE PART 2</summary>
  <thumbnail>https://image.tmdb.org/t/p/w600_and_h900_bestv2/9qP9kdRQezFzNN66nPdhE78BrP7.jpg</thumbnail>
  <fanart>https://image.tmdb.org/t/p/original/sSZz3sI1uH0GXCfYCPF52xBvmlt.jpg</fanart>
</item>

<item>
  <title>[COLOR royalblue]------------------------------------------------------------[/COLOR]</title>
  <thumbnail>https://image.tmdb.org/t/p/w600_and_h900_bestv2/9qP9kdRQezFzNN66nPdhE78BrP7.jpg</thumbnail>
  <fanart>https://image.tmdb.org/t/p/original/sSZz3sI1uH0GXCfYCPF52xBvmlt.jpg</fanart>
  </item>


<item>
  <title>=====WWE SMACKDOWN 26/06/2018=====</title>
  <thumbnail>https://image.tmdb.org/t/p/w600_and_h900_bestv2/9qP9kdRQezFzNN66nPdhE78BrP7.jpg</thumbnail>
  <fanart>https://image.tmdb.org/t/p/original/sSZz3sI1uH0GXCfYCPF52xBvmlt.jpg</fanart>
</item>

<item>
  <title>PART 1</title>
<link>http://ww13.primego.org/x264/UHeYplSCIb9UvMn/UHeYplSCIb9UvMn.m3u8</link>
  <summary>SMACKDOWN LIVE PART 1</summary>
  <thumbnail>https://image.tmdb.org/t/p/w600_and_h900_bestv2/9qP9kdRQezFzNN66nPdhE78BrP7.jpg</thumbnail>
  <fanart>https://image.tmdb.org/t/p/original/sSZz3sI1uH0GXCfYCPF52xBvmlt.jpg</fanart>
</item>

<item>
  <title>PART 2</title>
<link>http://ww7.primego.org/x264/MOXi8G1xoANGRvD/MOXi8G1xoANGRvD.m3u8</link>
  <summary>SMACKDOWN LIVE PART 2</summary>
  <thumbnail>https://image.tmdb.org/t/p/w600_and_h900_bestv2/9qP9kdRQezFzNN66nPdhE78BrP7.jpg</thumbnail>
  <fanart>https://image.tmdb.org/t/p/original/sSZz3sI1uH0GXCfYCPF52xBvmlt.jpg</fanart>
</item>

<item>
  <title>[COLOR royalblue]------------------------------------------------------------[/COLOR]</title>
  <thumbnail>https://image.tmdb.org/t/p/w600_and_h900_bestv2/9qP9kdRQezFzNN66nPdhE78BrP7.jpg</thumbnail>
  <fanart>https://image.tmdb.org/t/p/original/sSZz3sI1uH0GXCfYCPF52xBvmlt.jpg</fanart>
  </item>

<item>
  <title>=====WWE SMACKDOWN 19/06/2018=====</title>
  <thumbnail>https://image.tmdb.org/t/p/w600_and_h900_bestv2/9qP9kdRQezFzNN66nPdhE78BrP7.jpg</thumbnail>
  <fanart>https://image.tmdb.org/t/p/original/sSZz3sI1uH0GXCfYCPF52xBvmlt.jpg</fanart>
</item>

<item>
  <title>PART 1</title>
<link>http://ww8.primego.org/x264/Yz9RQymXtCAi6cc/Yz9RQymXtCAi6cc.m3u8</link>
  <summary>SMACKDOWN LIVE 19/06/2018 PART 1</summary>
  <thumbnail>https://image.tmdb.org/t/p/w600_and_h900_bestv2/9qP9kdRQezFzNN66nPdhE78BrP7.jpg</thumbnail>
  <fanart>https://image.tmdb.org/t/p/original/sSZz3sI1uH0GXCfYCPF52xBvmlt.jpg</fanart>
</item>

<item>
  <title>PART 2</title>
<link>http://ww3.primego.org/x264/F6MDi0iosJF1ei3/F6MDi0iosJF1ei3.m3u8</link>
  <summary>SMACKDOWN LIVE 19/06/2018 PART 2</summary>
  <thumbnail>https://image.tmdb.org/t/p/w600_and_h900_bestv2/9qP9kdRQezFzNN66nPdhE78BrP7.jpg</thumbnail>
  <fanart>https://image.tmdb.org/t/p/original/sSZz3sI1uH0GXCfYCPF52xBvmlt.jpg</fanart>
</item>

<item>
  <title>[COLOR royalblue]------------------------------------------------------------[/COLOR]</title>
  <thumbnail>https://image.tmdb.org/t/p/w600_and_h900_bestv2/9qP9kdRQezFzNN66nPdhE78BrP7.jpg</thumbnail>
  <fanart>https://image.tmdb.org/t/p/original/sSZz3sI1uH0GXCfYCPF52xBvmlt.jpg</fanart>
  </item>

<item>
  <title>=====WWE SMACKDOWN 12/06/2018=====</title>
  <thumbnail>https://image.tmdb.org/t/p/w600_and_h900_bestv2/9qP9kdRQezFzNN66nPdhE78BrP7.jpg</thumbnail>
  <fanart>https://image.tmdb.org/t/p/original/sSZz3sI1uH0GXCfYCPF52xBvmlt.jpg</fanart>
</item>

<item>
  <title>PART 1</title>
<link>http://ww9.primego.org/x264/6v2gGsukBhBzlWC/6v2gGsukBhBzlWC.m3u8</link>
  <summary>SMACKDOWN LIVE 12/06/2018 PART 1</summary>
  <thumbnail>https://image.tmdb.org/t/p/w600_and_h900_bestv2/9qP9kdRQezFzNN66nPdhE78BrP7.jpg</thumbnail>
  <fanart>https://image.tmdb.org/t/p/original/sSZz3sI1uH0GXCfYCPF52xBvmlt.jpg</fanart>
</item>

<item>
  <title>PART 2</title>
<link>http://ww5.primego.org/x264/gK2DNtIGc9YdWg0/gK2DNtIGc9YdWg0.m3u8</link>
  <summary>SMACKDOWN LIVE 12/06/2018 PART 2</summary>
  <thumbnail>https://image.tmdb.org/t/p/w600_and_h900_bestv2/9qP9kdRQezFzNN66nPdhE78BrP7.jpg</thumbnail>
  <fanart>https://image.tmdb.org/t/p/original/sSZz3sI1uH0GXCfYCPF52xBvmlt.jpg</fanart>
</item>

<item>
  <title>[COLOR royalblue]------------------------------------------------------------[/COLOR]</title>
  <thumbnail>https://image.tmdb.org/t/p/w600_and_h900_bestv2/9qP9kdRQezFzNN66nPdhE78BrP7.jpg</thumbnail>
  <fanart>https://image.tmdb.org/t/p/original/sSZz3sI1uH0GXCfYCPF52xBvmlt.jpg</fanart>
  </item>

<item>
  <title>=====WWE SMACKDOWN 05/06/2018=====</title>
  <thumbnail>https://image.tmdb.org/t/p/w600_and_h900_bestv2/9qP9kdRQezFzNN66nPdhE78BrP7.jpg</thumbnail>
  <fanart>https://image.tmdb.org/t/p/original/sSZz3sI1uH0GXCfYCPF52xBvmlt.jpg</fanart>
</item>

<item>
  <title>PART 1</title>
<link>http://ww13.primego.org/x264/14vNL7VDdp11vqb/14vNL7VDdp11vqb.m3u8</link>
  <summary>SMACKDOWN LIVE 05/06/2018 PART 1</summary>
  <thumbnail>https://image.tmdb.org/t/p/w600_and_h900_bestv2/9qP9kdRQezFzNN66nPdhE78BrP7.jpg</thumbnail>
  <fanart>https://image.tmdb.org/t/p/original/sSZz3sI1uH0GXCfYCPF52xBvmlt.jpg</fanart>
</item>

<item>
  <title>PART 2</title>
<link>http://ww6.primego.org/x264/JZ7te8AVfiJFdkE/JZ7te8AVfiJFdkE.m3u8</link>
  <summary>SMACKDOWN LIVE 05/06/2018 PART 2</summary>
  <thumbnail>https://image.tmdb.org/t/p/w600_and_h900_bestv2/9qP9kdRQezFzNN66nPdhE78BrP7.jpg</thumbnail>
  <fanart>https://image.tmdb.org/t/p/original/sSZz3sI1uH0GXCfYCPF52xBvmlt.jpg</fanart>
</item>

<item>
  <title>[COLOR royalblue]------------------------------------------------------------[/COLOR]</title>
  <thumbnail>https://image.tmdb.org/t/p/w600_and_h900_bestv2/9qP9kdRQezFzNN66nPdhE78BrP7.jpg</thumbnail>
  <fanart>https://image.tmdb.org/t/p/original/sSZz3sI1uH0GXCfYCPF52xBvmlt.jpg</fanart>
  </item>

<item>
  <title>=====WWE SMACKDOWN 29/05/2018=====</title>
  <thumbnail>https://image.tmdb.org/t/p/w600_and_h900_bestv2/9qP9kdRQezFzNN66nPdhE78BrP7.jpg</thumbnail>
  <fanart>https://image.tmdb.org/t/p/original/sSZz3sI1uH0GXCfYCPF52xBvmlt.jpg</fanart>
</item>

<item>
  <title>PART 1</title>
<link>http://www.dailymotion.com/embed/video/k13LFD63lshOIZqTISH?syndication=135913&autoplay=1</link>
  <summary>SMACKDOWN LIVE 29/05/2018 PART 1</summary>
  <thumbnail>https://image.tmdb.org/t/p/w600_and_h900_bestv2/9qP9kdRQezFzNN66nPdhE78BrP7.jpg</thumbnail>
  <fanart>https://image.tmdb.org/t/p/original/sSZz3sI1uH0GXCfYCPF52xBvmlt.jpg</fanart>
</item>

<item>
  <title>PART 2</title>
<link>http://www.dailymotion.com/embed/video/k5gMrO4Fb0dzWOqTISG?syndication=135913&autoplay=1</link>
  <summary>SMACKDOWN LIVE 29/05/2018 PART 2</summary>
  <thumbnail>https://image.tmdb.org/t/p/w600_and_h900_bestv2/9qP9kdRQezFzNN66nPdhE78BrP7.jpg</thumbnail>
  <fanart>https://image.tmdb.org/t/p/original/sSZz3sI1uH0GXCfYCPF52xBvmlt.jpg</fanart>
</item>

<item>
  <title>[COLOR royalblue]------------------------------------------------------------[/COLOR]</title>
  <thumbnail>https://image.tmdb.org/t/p/w600_and_h900_bestv2/9qP9kdRQezFzNN66nPdhE78BrP7.jpg</thumbnail>
  <fanart>https://image.tmdb.org/t/p/original/sSZz3sI1uH0GXCfYCPF52xBvmlt.jpg</fanart>
  </item>

<item>
  <title>=====WWE SMACKDOWN 22/05/2018=====</title>
  <thumbnail>https://image.tmdb.org/t/p/w600_and_h900_bestv2/9qP9kdRQezFzNN66nPdhE78BrP7.jpg</thumbnail>
  <fanart>https://image.tmdb.org/t/p/original/sSZz3sI1uH0GXCfYCPF52xBvmlt.jpg</fanart>
</item>

<item>
  <title>PART 1</title>
<link>http://ww7.primego.org/x264/csf5UJVLfIzbSOs/csf5UJVLfIzbSOs.m3u8</link>
<summary>SMACKDOWN LIVE 22/05/2018 PART 1</summary>
  <thumbnail>https://image.tmdb.org/t/p/w600_and_h900_bestv2/9qP9kdRQezFzNN66nPdhE78BrP7.jpg</thumbnail>
  <fanart>https://image.tmdb.org/t/p/original/sSZz3sI1uH0GXCfYCPF52xBvmlt.jpg</fanart>
</item>

<item>
  <title>PART 2</title>
<link>http://ww10.primego.org/x264/YBzDBe3ckJMnSfo/YBzDBe3ckJMnSfo.m3u8</link>
<summary>SMACKDOWN LIVE 22/05/2018 PART 2</summary>
  <thumbnail>https://image.tmdb.org/t/p/w600_and_h900_bestv2/9qP9kdRQezFzNN66nPdhE78BrP7.jpg</thumbnail>
  <fanart>https://image.tmdb.org/t/p/original/sSZz3sI1uH0GXCfYCPF52xBvmlt.jpg</fanart>
</item>

<item>
  <title>[COLOR royalblue]------------------------------------------------------------[/COLOR]</title>
  <thumbnail>https://image.tmdb.org/t/p/w600_and_h900_bestv2/9qP9kdRQezFzNN66nPdhE78BrP7.jpg</thumbnail>
  <fanart>https://image.tmdb.org/t/p/original/sSZz3sI1uH0GXCfYCPF52xBvmlt.jpg</fanart>
</item>

<item>
  <title>=====WWE SMACKDOWN 15/05/2018=====</title>
  <thumbnail>https://image.tmdb.org/t/p/w600_and_h900_bestv2/9qP9kdRQezFzNN66nPdhE78BrP7.jpg</thumbnail>
  <fanart>https://image.tmdb.org/t/p/original/sSZz3sI1uH0GXCfYCPF52xBvmlt.jpg</fanart>
</item>

<item>
  <title>PART 1</title>
<link>http://ww7.primego.org/x264/cWij7VDbcOf1XHx/cWij7VDbcOf1XHx.m3u8</link>
  <thumbnail>https://image.tmdb.org/t/p/w600_and_h900_bestv2/9qP9kdRQezFzNN66nPdhE78BrP7.jpg</thumbnail>
  <fanart>https://image.tmdb.org/t/p/original/sSZz3sI1uH0GXCfYCPF52xBvmlt.jpg</fanart>
</item>

<item>
  <title>PART 2</title>
<link>http://ww5.primego.org/x264/F4DkMI5NdwpI9rw/F4DkMI5NdwpI9rw.m3u8</link>
  <thumbnail>https://image.tmdb.org/t/p/w600_and_h900_bestv2/9qP9kdRQezFzNN66nPdhE78BrP7.jpg</thumbnail>
  <fanart>https://image.tmdb.org/t/p/original/sSZz3sI1uH0GXCfYCPF52xBvmlt.jpg</fanart>
</item>

<item>
  <title>[COLOR royalblue]------------------------------------------------------------[/COLOR]</title>
</item>

<item>
  <title>=====WWE SMACKDOWN 08/05/2018=====</title>
  <thumbnail>https://image.tmdb.org/t/p/w600_and_h900_bestv2/9qP9kdRQezFzNN66nPdhE78BrP7.jpg</thumbnail>
  <fanart>https://image.tmdb.org/t/p/original/sSZz3sI1uH0GXCfYCPF52xBvmlt.jpg</fanart>
</item>

<item>
  <title>LINK 1 / PART 1</title>
<link>http://www.dailymotion.com/embed/video/kh5MHvc9h655FqqJdO9?syndication=0?logo=0&autoPlay=1&quality=720&related=0</link>
  <thumbnail>https://image.tmdb.org/t/p/w600_and_h900_bestv2/9qP9kdRQezFzNN66nPdhE78BrP7.jpg</thumbnail>
  <fanart>https://image.tmdb.org/t/p/original/sSZz3sI1uH0GXCfYCPF52xBvmlt.jpg</fanart>
</item>

<item>
  <title>LINK 1 / PART 2</title>
<link>http://www.dailymotion.com/embed/video/k7DOvx3ZyCXYtSqJdOa?syndication=0?logo=0&autoPlay=1&quality=720&related=0</link>
  <thumbnail>https://image.tmdb.org/t/p/w600_and_h900_bestv2/9qP9kdRQezFzNN66nPdhE78BrP7.jpg</thumbnail>
  <fanart>https://image.tmdb.org/t/p/original/sSZz3sI1uH0GXCfYCPF52xBvmlt.jpg</fanart>
</item>

<item>
  <title>LINK 2</title>
<link>https://streamango.com/embed/sdabeeedpefldbfc</link>
  <thumbnail>https://image.tmdb.org/t/p/w600_and_h900_bestv2/9qP9kdRQezFzNN66nPdhE78BrP7.jpg</thumbnail>
  <fanart>https://image.tmdb.org/t/p/original/sSZz3sI1uH0GXCfYCPF52xBvmlt.jpg</fanart>
</item>

<item>
  <title>LINK 3 / PART 1</title>
<link>http://ww2.primego.org/x264/XkgRL08pyXMVTew/XkgRL08pyXMVTew.m3u8</link>
  <thumbnail>https://image.tmdb.org/t/p/w600_and_h900_bestv2/9qP9kdRQezFzNN66nPdhE78BrP7.jpg</thumbnail>
  <fanart>https://image.tmdb.org/t/p/original/sSZz3sI1uH0GXCfYCPF52xBvmlt.jpg</fanart>
</item>

<item>
  <title>LINK 3 / PART 2</title>
<link>http://ww7.primego.org/x264/FhghHHLSQvRGHE8/FhghHHLSQvRGHE8.m3u8</link>
  <thumbnail>https://image.tmdb.org/t/p/w600_and_h900_bestv2/9qP9kdRQezFzNN66nPdhE78BrP7.jpg</thumbnail>
  <fanart>https://image.tmdb.org/t/p/original/sSZz3sI1uH0GXCfYCPF52xBvmlt.jpg</fanart>
</item>

<item>
  <title>[COLOR royalblue]------------------------------------------------------------[/COLOR]</title>
</item>

<item>
  <title>=====WWE SMACKDOWN 01/05/2018=====</title>
  <thumbnail>https://image.tmdb.org/t/p/w600_and_h900_bestv2/9qP9kdRQezFzNN66nPdhE78BrP7.jpg</thumbnail>
  <fanart>https://image.tmdb.org/t/p/original/sSZz3sI1uH0GXCfYCPF52xBvmlt.jpg</fanart>
</item>

<item>
  <title>LINK 1</title>
<link>https://streamango.com/embed/tbdmcdnlqrasdlrr</link>
  <thumbnail>https://image.tmdb.org/t/p/w600_and_h900_bestv2/9qP9kdRQezFzNN66nPdhE78BrP7.jpg</thumbnail>
  <fanart>https://image.tmdb.org/t/p/original/sSZz3sI1uH0GXCfYCPF52xBvmlt.jpg</fanart>
</item>

<item>
  <title>LINK 2 / PART 1</title>
<link>http://ww7.primego.org/x264/kKGVMbevthu4sZU/kKGVMbevthu4sZU.m3u8</link>
  <thumbnail>https://image.tmdb.org/t/p/w600_and_h900_bestv2/9qP9kdRQezFzNN66nPdhE78BrP7.jpg</thumbnail>
  <fanart>https://image.tmdb.org/t/p/original/sSZz3sI1uH0GXCfYCPF52xBvmlt.jpg</fanart>
</item>

<item>
  <title>LINK 2 / PART 2</title>
<link>http://ww8.primego.org/x264/lSueVnholwmpe6P/lSueVnholwmpe6P.m3u8</link>
  <thumbnail>https://image.tmdb.org/t/p/w600_and_h900_bestv2/9qP9kdRQezFzNN66nPdhE78BrP7.jpg</thumbnail>
  <fanart>https://image.tmdb.org/t/p/original/sSZz3sI1uH0GXCfYCPF52xBvmlt.jpg</fanart>
</item>

<item>
  <title>[COLOR royalblue]------------------------------------------------------------[/COLOR]</title>
</item>

<item>
  <title>=====WWE SMACKDOWN 24/04/2018=====</title>
  <thumbnail>https://image.tmdb.org/t/p/w600_and_h900_bestv2/9qP9kdRQezFzNN66nPdhE78BrP7.jpg</thumbnail>
  <fanart>https://image.tmdb.org/t/p/original/sSZz3sI1uH0GXCfYCPF52xBvmlt.jpg</fanart>
</item>

<item>
  <title>LINK 1</title>
<link>https://streamango.com/f/olkrfqbdopqkmblt</link>
  <thumbnail>https://image.tmdb.org/t/p/w600_and_h900_bestv2/9qP9kdRQezFzNN66nPdhE78BrP7.jpg</thumbnail>
  <fanart>https://image.tmdb.org/t/p/original/sSZz3sI1uH0GXCfYCPF52xBvmlt.jpg</fanart>
</item>

<item>
  <title>LINK 2 / PART 1</title>
<link>http://ww12.primego.org/x264/TfIuWV1QnbnDD5n/TfIuWV1QnbnDD5n.m3u8</link>
  <thumbnail>https://image.tmdb.org/t/p/w600_and_h900_bestv2/9qP9kdRQezFzNN66nPdhE78BrP7.jpg</thumbnail>
  <fanart>https://image.tmdb.org/t/p/original/sSZz3sI1uH0GXCfYCPF52xBvmlt.jpg</fanart>
</item>

<item>
  <title>LINK 2 / PART 2</title>
<link>http://ww13.primego.org/x264/GvgYnLWP5ZsDbEJ/GvgYnLWP5ZsDbEJ.m3u8</link>
  <thumbnail>https://image.tmdb.org/t/p/w600_and_h900_bestv2/9qP9kdRQezFzNN66nPdhE78BrP7.jpg</thumbnail>
  <fanart>https://image.tmdb.org/t/p/original/sSZz3sI1uH0GXCfYCPF52xBvmlt.jpg</fanart>
</item>

<item>
  <title>[COLOR royalblue]------------------------------------------------------------[/COLOR]</title>
</item>

<item>
  <title>=====WWE SMACKDOWN 17/04/2018=====</title>
<link>
  <sublink>http://ww13.primego.org/x264/jIVaCOuhKec4a9Y/jIVaCOuhKec4a9Y.m3u8(link 1 | PART 1)</sublink>
  <sublink>http://ww12.primego.org/x264/WiWbHRVWja5Frs6/WiWbHRVWja5Frs6.m3u8(link 1 | PART 2)</sublink>
  <sublink>http://www.dailymotion.com/embed/video/ko6ngoXAobJojAqBcI5?syndication=0?logo=0&autoPlay=1&quality=720&related=0(link 2 | PART 1 720P)</sublink>
  <sublink>http://www.dailymotion.com/embed/video/k1dgANdmGPcwZOqBcI6?syndication=0?logo=0&autoPlay=1&quality=720&related=0(link 2 | PART 2 720P)</sublink>
</link>
  <thumbnail>https://image.tmdb.org/t/p/w600_and_h900_bestv2/9qP9kdRQezFzNN66nPdhE78BrP7.jpg</thumbnail>
  <fanart>https://image.tmdb.org/t/p/original/sSZz3sI1uH0GXCfYCPF52xBvmlt.jpg</fanart>
</item>

<item>
  <title>[COLOR royalblue]------------------------------------------------------------[/COLOR]</title>
</item>

<item>
  <title>=====WWE SMACKDOWN 10/04/2018=====</title>
<link>
  <sublink>http://ww6.primego.org/x264/VSHCwfWZOswUl8O/VSHCwfWZOswUl8O.m3u8(link 1 | PART 1)</sublink>
  <sublink>http://ww3.primego.org/x264/3t8iEaNssEiY5SB/3t8iEaNssEiY5SB.m3u8(link 1 | PART 2)</sublink>
  <sublink>http://www.dailymotion.com/embed/video/k5PfEoX8j0c7VCqysco?syndication=0?logo=0&autoPlay=1&quality=720&related=0(link 2 | PART 1 720P)</sublink>
  <sublink>http://www.dailymotion.com/embed/video/k5sqH2xnQRjg1Rqyscp?syndication=0?logo=0&autoPlay=1&quality=720&related=0(link 2 | PART 2 720P)</sublink>
</link>
  <thumbnail>https://image.tmdb.org/t/p/w600_and_h900_bestv2/9qP9kdRQezFzNN66nPdhE78BrP7.jpg</thumbnail>
  <fanart>https://image.tmdb.org/t/p/original/sSZz3sI1uH0GXCfYCPF52xBvmlt.jpg</fanart>
</item>

<item>
  <title>[COLOR royalblue]------------------------------------------------------------[/COLOR]</title>
</item>

<item>
  <title>=====WWE SMACKDOWN 03/04/2018=====</title>
<link>
  <sublink>http://vidto.me/embed-lcttiag5jert.html(link 1 | SD)</sublink>
  <sublink>http://ww8.primego.org/x264/wthX0NCZte8Afvr/wthX0NCZte8Afvr.m3u8(link 2 | PART 1 720P)</sublink>
  <sublink>http://ww3.primego.org/x264/g91vJBr6qtsTPZ0/g91vJBr6qtsTPZ0.m3u8(link 2 | PART 2 720P)</sublink>
</link>
  <thumbnail>https://image.tmdb.org/t/p/w600_and_h900_bestv2/9qP9kdRQezFzNN66nPdhE78BrP7.jpg</thumbnail>
  <fanart>https://image.tmdb.org/t/p/original/sSZz3sI1uH0GXCfYCPF52xBvmlt.jpg</fanart>
</item>

<item>
  <title>[COLOR royalblue]------------------------------------------------------------[/COLOR]</title>
</item>

<item>
<title>=====WWE SMACKDOWN 27/03/2018=====</title>
<link>
<sublink>http://vidto.me/lprlaihl179t.html(link 1 | SD)</sublink>
<sublink>http://uptobox.com/2ta9kdtaebct(link 2 | HD)</sublink>
<sublink>http://ww1.primego.org/x264/Gkq9q7OMY3RJbS2/Gkq9q7OMY3RJbS2.m3u8(link 3 | PART 1 720P)</sublink>
<sublink>http://ww4.primego.org/x264/XEbEeE0Jbb0lNww/XEbEeE0Jbb0lNww.m3u8(link 4 | PART 2 720P)</sublink>
</link>
<thumbnail>https://image.tmdb.org/t/p/w600_and_h900_bestv2/9qP9kdRQezFzNN66nPdhE78BrP7.jpg</thumbnail>
<fanart>https://image.tmdb.org/t/p/original/sSZz3sI1uH0GXCfYCPF52xBvmlt.jpg</fanart>
</item>

<item>
  <title>[COLOR royalblue]------------------------------------------------------------[/COLOR]</title>
</item>

<item>
  <title>=====WWE SMACKDOWN 20/03/2018=====</title>
<link>
  <sublink>https://streamango.com/f/bcdqoepceqpracat(link 1 | SD)</sublink>
  <sublink>http://ww4.primego.org/x264/zrSGIgI1AxkfVIk/zrSGIgI1AxkfVIk.m3u8(link 2 | PART 1 720P)</sublink>
  <sublink>http://ww3.primego.org/x264/JlNTjD0reMoqNnU/JlNTjD0reMoqNnU.m3u8(link 2 | PART 2 720P)</sublink>
</link>
  <thumbnail>https://image.tmdb.org/t/p/w600_and_h900_bestv2/9qP9kdRQezFzNN66nPdhE78BrP7.jpg</thumbnail>
  <fanart>https://image.tmdb.org/t/p/original/sSZz3sI1uH0GXCfYCPF52xBvmlt.jpg</fanart>
</item>