<item>
<title>WWE Table For 3 S04E06</title>
<link>http://ww9.primego.org/x264/jjh8l5AdbZui9ZB/jjh8l5AdbZui9ZB.m3u8</link>
<thumbnail>https://image.tmdb.org/t/p/original/kHnnYxyTgoVhPnYZYmK3WS8axkm.jpg</thumbnail>
<fanart>https://image.tmdb.org/t/p/original/zjY58FjOv9ouRwc4lf5weOlodlI.jpg</fanart>
</item>

<item>
<title>WWE Table For 3 S04E05</title>
<link>http://ww6.primego.org/x264/65lW6FE3WSTSX6k/65lW6FE3WSTSX6k.m3u8</link>
<thumbnail>https://image.tmdb.org/t/p/original/kHnnYxyTgoVhPnYZYmK3WS8axkm.jpg</thumbnail>
<fanart>https://image.tmdb.org/t/p/original/zjY58FjOv9ouRwc4lf5weOlodlI.jpg</fanart>
</item>

<item>
<title>WWE Table For 3 S04E04</title>
<link>http://ww9.primego.org/x264/snSA5OVyTAgIOFP/snSA5OVyTAgIOFP.m3u8</link>
<thumbnail>https://image.tmdb.org/t/p/original/kHnnYxyTgoVhPnYZYmK3WS8axkm.jpg</thumbnail>
<fanart>https://image.tmdb.org/t/p/original/zjY58FjOv9ouRwc4lf5weOlodlI.jpg</fanart>
</item>