<item>
<title>This Week In WWE 27/7/2018</title>
<link>http://ww8.primego.org/x264/bZBpsihkTMezbc2/bZBpsihkTMezbc2.m3u8</link>
<thumbnail>https://image.tmdb.org/t/p/w600_and_h900_bestv2/4QzhPGO1JTMbUMWNWB8mrnUeoCC.jpg</thumbnail>
<fanart>https://image.tmdb.org/t/p/w600_and_h900_bestv2/4QzhPGO1JTMbUMWNWB8mrnUeoCC.jpg</fanart>
</item>

<item>
<title>[COLOR gold]-------------------------------------------------------------------[/COLOR]</title>
</item>

<item>
<title>This Week In WWE 20/7/2018</title>
<link>http://ww11.primego.org/x264/QXHxJ4ipyscwAdl/QXHxJ4ipyscwAdl.m3u8</link>
<thumbnail>https://image.tmdb.org/t/p/w600_and_h900_bestv2/4QzhPGO1JTMbUMWNWB8mrnUeoCC.jpg</thumbnail>
<fanart>https://image.tmdb.org/t/p/w600_and_h900_bestv2/4QzhPGO1JTMbUMWNWB8mrnUeoCC.jpg</fanart>
</item>

<item>
<title>[COLOR gold]-------------------------------------------------------------------[/COLOR]</title>
</item>

<item>
<title>This Week In WWE 13/7/2018</title>
<link>http://ww7.primego.org/x264/IsJqtBmI0A4mSNx/IsJqtBmI0A4mSNx.m3u8</link>
<thumbnail>https://image.tmdb.org/t/p/w600_and_h900_bestv2/4QzhPGO1JTMbUMWNWB8mrnUeoCC.jpg</thumbnail>
<fanart>https://image.tmdb.org/t/p/w600_and_h900_bestv2/4QzhPGO1JTMbUMWNWB8mrnUeoCC.jpg</fanart>
</item>

<item>
<title>[COLOR gold]-------------------------------------------------------------------[/COLOR]</title>
</item>

<item>
<title>This Week In WWE 6/7/2018</title>
<link>http://ww8.primego.org/x264/hMAOJUHtAJbbyni/hMAOJUHtAJbbyni.m3u8</link>
<thumbnail>https://image.tmdb.org/t/p/w600_and_h900_bestv2/4QzhPGO1JTMbUMWNWB8mrnUeoCC.jpg</thumbnail>
<fanart>https://image.tmdb.org/t/p/w600_and_h900_bestv2/4QzhPGO1JTMbUMWNWB8mrnUeoCC.jpg</fanart>
</item>

<item>
<title>[COLOR gold]-------------------------------------------------------------------[/COLOR]</title>
</item>

<item>
<title>This Week In WWE 29/6/2018</title>
<link>http://ww12.primego.org/x264/3mOwVH3N9UtfTnb/3mOwVH3N9UtfTnb.m3u8</link>
<thumbnail>https://image.tmdb.org/t/p/w600_and_h900_bestv2/4QzhPGO1JTMbUMWNWB8mrnUeoCC.jpg</thumbnail>
<fanart>https://image.tmdb.org/t/p/w600_and_h900_bestv2/4QzhPGO1JTMbUMWNWB8mrnUeoCC.jpg</fanart>
</item>