<item>
<title>WWE Total Bellas Season 3 Episode 10 29/07/2018</title>
<link>http://ww3.primego.org/x264/11HtW7PQMP5zv0v/11HtW7PQMP5zv0v.m3u8</link>
<thumbnail>https://image.tmdb.org/t/p/w600_and_h900_bestv2/GRcfIGcyaXluPi7kURlNtQRmfN.jpg</thumbnail>
<fanart>https://m.media-amazon.com/images/M/MV5BMTZmY2YwNzUtYTBjZi00NWZlLTk5OGUtNzZkNzA4Mzg0NzEwXkEyXkFqcGdeQXVyODQ0MTc2Mjg@._V1_.jpg</fanart>
</item>

<item>
<title>WWE Total Bellas Season 3 Episode 9 22/07/2018</title>
<link>http://ww9.primego.org/x264/DTQozvenbNco3hT/DTQozvenbNco3hT.m3u8</link>
<thumbnail>https://image.tmdb.org/t/p/w600_and_h900_bestv2/GRcfIGcyaXluPi7kURlNtQRmfN.jpg</thumbnail>
<fanart>https://m.media-amazon.com/images/M/MV5BMTZmY2YwNzUtYTBjZi00NWZlLTk5OGUtNzZkNzA4Mzg0NzEwXkEyXkFqcGdeQXVyODQ0MTc2Mjg@._V1_.jpg</fanart>
</item>

<item>
<title>WWE Total Bellas Season 3 Episode 8 15/07/2018</title>
<link>http://ww10.primego.org/x264/hDLRT0huykyq15s/hDLRT0huykyq15s.m3u8</link>
<thumbnail>https://image.tmdb.org/t/p/w600_and_h900_bestv2/GRcfIGcyaXluPi7kURlNtQRmfN.jpg</thumbnail>
<fanart>https://m.media-amazon.com/images/M/MV5BMTZmY2YwNzUtYTBjZi00NWZlLTk5OGUtNzZkNzA4Mzg0NzEwXkEyXkFqcGdeQXVyODQ0MTc2Mjg@._V1_.jpg</fanart>
</item>

<item>
<title>WWE Total Bellas Season 3 Episode 7 08/07/2018</title>
<link>http://ww7.primego.org/x264/mvfbDOJ2cL33Mhb/mvfbDOJ2cL33Mhb.m3u8</link>
<thumbnail>https://image.tmdb.org/t/p/w600_and_h900_bestv2/GRcfIGcyaXluPi7kURlNtQRmfN.jpg</thumbnail>
<fanart>https://m.media-amazon.com/images/M/MV5BMTZmY2YwNzUtYTBjZi00NWZlLTk5OGUtNzZkNzA4Mzg0NzEwXkEyXkFqcGdeQXVyODQ0MTc2Mjg@._V1_.jpg</fanart>
</item>

<item>
<title>WWE Total Bellas Season 3 Episode 6 24/06/2018</title>
<link>http://ww1.primego.org/x264/OZQi3yuaBDMqDr0/OZQi3yuaBDMqDr0.m3u8</link>
<thumbnail>https://image.tmdb.org/t/p/w600_and_h900_bestv2/GRcfIGcyaXluPi7kURlNtQRmfN.jpg</thumbnail>
<fanart>https://m.media-amazon.com/images/M/MV5BMTZmY2YwNzUtYTBjZi00NWZlLTk5OGUtNzZkNzA4Mzg0NzEwXkEyXkFqcGdeQXVyODQ0MTc2Mjg@._V1_.jpg</fanart>
</item>

<item>
<title>WWE Total Bellas Season 3 Episode 5 17/06/2018</title>
<link>http://ww3.primego.org/x264/N8rPnr61NtHT0sc/N8rPnr61NtHT0sc.m3u8</link>
<thumbnail>https://image.tmdb.org/t/p/w600_and_h900_bestv2/GRcfIGcyaXluPi7kURlNtQRmfN.jpg</thumbnail>
<fanart>https://m.media-amazon.com/images/M/MV5BMTZmY2YwNzUtYTBjZi00NWZlLTk5OGUtNzZkNzA4Mzg0NzEwXkEyXkFqcGdeQXVyODQ0MTc2Mjg@._V1_.jpg</fanart>
</item>

<item>
<title>WWE Total Bellas Season 3 Episode 4 11/06/2018</title>
<link>http://ww7.primego.org/x264/in0SilAghyKJ10L/in0SilAghyKJ10L.m3u8</link>
<thumbnail>https://image.tmdb.org/t/p/w600_and_h900_bestv2/GRcfIGcyaXluPi7kURlNtQRmfN.jpg</thumbnail>
<fanart>https://m.media-amazon.com/images/M/MV5BMTZmY2YwNzUtYTBjZi00NWZlLTk5OGUtNzZkNzA4Mzg0NzEwXkEyXkFqcGdeQXVyODQ0MTc2Mjg@._V1_.jpg</fanart>
</item>

<item>
<title>WWE Total Bellas Season 3 Episode 3 03/06/2018</title>
<link>http://ww1.primego.org/x264/rW72dFPPIRhSGog/rW72dFPPIRhSGog.m3u8</link>
<thumbnail>https://image.tmdb.org/t/p/w600_and_h900_bestv2/GRcfIGcyaXluPi7kURlNtQRmfN.jpg</thumbnail>
<fanart>https://m.media-amazon.com/images/M/MV5BMTZmY2YwNzUtYTBjZi00NWZlLTk5OGUtNzZkNzA4Mzg0NzEwXkEyXkFqcGdeQXVyODQ0MTc2Mjg@._V1_.jpg</fanart>
</item>

<item>
<title>WWE Total Bellas Season 3 Episode 2 27/05/2018</title>
<link>http://ww7.primego.org/x264/Pt64REWuWkOSJa3/Pt64REWuWkOSJa3.m3u8</link>
<thumbnail>https://image.tmdb.org/t/p/w600_and_h900_bestv2/GRcfIGcyaXluPi7kURlNtQRmfN.jpg</thumbnail>
<fanart>https://m.media-amazon.com/images/M/MV5BMTZmY2YwNzUtYTBjZi00NWZlLTk5OGUtNzZkNzA4Mzg0NzEwXkEyXkFqcGdeQXVyODQ0MTc2Mjg@._V1_.jpg</fanart>
</item>

<item>
<title>WWE Total Bellas Season 3 Episode 1 20/05/2018</title>
<link>http://ww1.primego.org/x264/JIrGNOjOkeZm0QF/JIrGNOjOkeZm0QF.m3u8</link>
<thumbnail>https://image.tmdb.org/t/p/w600_and_h900_bestv2/GRcfIGcyaXluPi7kURlNtQRmfN.jpg</thumbnail>
<fanart>https://m.media-amazon.com/images/M/MV5BMTZmY2YwNzUtYTBjZi00NWZlLTk5OGUtNzZkNzA4Mzg0NzEwXkEyXkFqcGdeQXVyODQ0MTc2Mjg@._V1_.jpg</fanart>
</item>

<item>
<title>WWE Total Bellas Season 2 Episode 8 25/10/2017</title>
<link>https://streamango.com/embed/ofkmencnbeedemfn</link>
<thumbnail>https://image.tmdb.org/t/p/w600_and_h900_bestv2/GRcfIGcyaXluPi7kURlNtQRmfN.jpg</thumbnail>
<fanart>https://m.media-amazon.com/images/M/MV5BMTZmY2YwNzUtYTBjZi00NWZlLTk5OGUtNzZkNzA4Mzg0NzEwXkEyXkFqcGdeQXVyODQ0MTc2Mjg@._V1_.jpg</fanart>
</item>

<item>
<title>WWE Total Bellas Season 2 Episode 7 18/10/2017</title>
<link>https://streamango.com/embed/bfmsnkkrmkoqccds</link>
<thumbnail>https://image.tmdb.org/t/p/w600_and_h900_bestv2/GRcfIGcyaXluPi7kURlNtQRmfN.jpg</thumbnail>
<fanart>https://m.media-amazon.com/images/M/MV5BMTZmY2YwNzUtYTBjZi00NWZlLTk5OGUtNzZkNzA4Mzg0NzEwXkEyXkFqcGdeQXVyODQ0MTc2Mjg@._V1_.jpg</fanart>
</item>

<item>
<title>WWE Total Bellas Season 2 Episode 6 11/10/2017</title>
<link>https://streamango.com/embed/dmqebnlobloklqrp</link>
<thumbnail>https://image.tmdb.org/t/p/w600_and_h900_bestv2/GRcfIGcyaXluPi7kURlNtQRmfN.jpg</thumbnail>
<fanart>https://m.media-amazon.com/images/M/MV5BMTZmY2YwNzUtYTBjZi00NWZlLTk5OGUtNzZkNzA4Mzg0NzEwXkEyXkFqcGdeQXVyODQ0MTc2Mjg@._V1_.jpg</fanart>
</item>

<item>
<title>WWE Total Bellas Season 2 Episode 5 04/10/2017</title>
<link>https://streamango.com/embed/nlfcodstlkmdsdeo</link>
<thumbnail>https://image.tmdb.org/t/p/w600_and_h900_bestv2/GRcfIGcyaXluPi7kURlNtQRmfN.jpg</thumbnail>
<fanart>https://m.media-amazon.com/images/M/MV5BMTZmY2YwNzUtYTBjZi00NWZlLTk5OGUtNzZkNzA4Mzg0NzEwXkEyXkFqcGdeQXVyODQ0MTc2Mjg@._V1_.jpg</fanart>
</item>

<item>
<title>WWE Total Bellas Season 2 Episode 4 27/09/2017</title>
<link>https://streamango.com/embed/tblpqtpsqbkcsolr</link>
<thumbnail>https://image.tmdb.org/t/p/w600_and_h900_bestv2/GRcfIGcyaXluPi7kURlNtQRmfN.jpg</thumbnail>
<fanart>https://m.media-amazon.com/images/M/MV5BMTZmY2YwNzUtYTBjZi00NWZlLTk5OGUtNzZkNzA4Mzg0NzEwXkEyXkFqcGdeQXVyODQ0MTc2Mjg@._V1_.jpg</fanart>
</item>

<item>
<title>WWE Total Bellas Season 2 Episode 3 20/09/2017</title>
<link>https://streamango.com/embed/mfnplsltbetnklta</link>
<thumbnail>https://image.tmdb.org/t/p/w600_and_h900_bestv2/GRcfIGcyaXluPi7kURlNtQRmfN.jpg</thumbnail>
<fanart>https://m.media-amazon.com/images/M/MV5BMTZmY2YwNzUtYTBjZi00NWZlLTk5OGUtNzZkNzA4Mzg0NzEwXkEyXkFqcGdeQXVyODQ0MTc2Mjg@._V1_.jpg</fanart>
</item>

<item>
<title>WWE Total Bellas Season 2 Episode 2 13/09/2017</title>
<link>https://streamango.com/embed/acoeobtrpsdqldnq</link>
<thumbnail>https://image.tmdb.org/t/p/w600_and_h900_bestv2/GRcfIGcyaXluPi7kURlNtQRmfN.jpg</thumbnail>
<fanart>https://m.media-amazon.com/images/M/MV5BMTZmY2YwNzUtYTBjZi00NWZlLTk5OGUtNzZkNzA4Mzg0NzEwXkEyXkFqcGdeQXVyODQ0MTc2Mjg@._V1_.jpg</fanart>
</item>

<item>
<title>WWE Total Bellas Season 2 Episode 1 06/09/2017</title>
<link>https://streamango.com/embed/ssmkoetamlsspbde</link>
<thumbnail>https://image.tmdb.org/t/p/w600_and_h900_bestv2/GRcfIGcyaXluPi7kURlNtQRmfN.jpg</thumbnail>
<fanart>https://m.media-amazon.com/images/M/MV5BMTZmY2YwNzUtYTBjZi00NWZlLTk5OGUtNzZkNzA4Mzg0NzEwXkEyXkFqcGdeQXVyODQ0MTc2Mjg@._V1_.jpg</fanart>
</item>

<item>
<title>WWE Total Bellas Season 1 Episode 6 09/11/2016</title>
<link>http://www.dailymotion.com/embed/video/x6gnz30?autoplay=1</link>
<thumbnail>https://image.tmdb.org/t/p/w600_and_h900_bestv2/GRcfIGcyaXluPi7kURlNtQRmfN.jpg</thumbnail>
<fanart>https://m.media-amazon.com/images/M/MV5BMTZmY2YwNzUtYTBjZi00NWZlLTk5OGUtNzZkNzA4Mzg0NzEwXkEyXkFqcGdeQXVyODQ0MTc2Mjg@._V1_.jpg</fanart>
</item>

<item>
<title>WWE Total Bellas Season 1 Episode 5 02/11/2016</title>
<link>http://www.dailymotion.com/embed/video/x6gm9cu?autoplay=1</link>
<thumbnail>https://image.tmdb.org/t/p/w600_and_h900_bestv2/GRcfIGcyaXluPi7kURlNtQRmfN.jpg</thumbnail>
<fanart>https://m.media-amazon.com/images/M/MV5BMTZmY2YwNzUtYTBjZi00NWZlLTk5OGUtNzZkNzA4Mzg0NzEwXkEyXkFqcGdeQXVyODQ0MTc2Mjg@._V1_.jpg</fanart>
</item>

<item>
<title>WWE Total Bellas Season 1 Episode 4 26/10/2016</title>
<link>http://www.dailymotion.com/embed/video/x6gnx78?autoplay=1</link>
<thumbnail>https://image.tmdb.org/t/p/w600_and_h900_bestv2/GRcfIGcyaXluPi7kURlNtQRmfN.jpg</thumbnail>
<fanart>https://m.media-amazon.com/images/M/MV5BMTZmY2YwNzUtYTBjZi00NWZlLTk5OGUtNzZkNzA4Mzg0NzEwXkEyXkFqcGdeQXVyODQ0MTc2Mjg@._V1_.jpg</fanart>
</item>

<item>
<title>WWE Total Bellas Season 1 Episode 3 19/10/2016</title>
<link>http://www.dailymotion.com/embed/video/x6gm9i6?autoplay=1</link>
<thumbnail>https://image.tmdb.org/t/p/w600_and_h900_bestv2/GRcfIGcyaXluPi7kURlNtQRmfN.jpg</thumbnail>
<fanart>https://m.media-amazon.com/images/M/MV5BMTZmY2YwNzUtYTBjZi00NWZlLTk5OGUtNzZkNzA4Mzg0NzEwXkEyXkFqcGdeQXVyODQ0MTc2Mjg@._V1_.jpg</fanart>
</item>

<item>
<title>WWE Total Bellas Season 1 Episode 2 12/10/2016</title>
<link>http://www.dailymotion.com/embed/video/x6gkmdm?autoplay=1</link>
<thumbnail>https://image.tmdb.org/t/p/w600_and_h900_bestv2/GRcfIGcyaXluPi7kURlNtQRmfN.jpg</thumbnail>
<fanart>https://m.media-amazon.com/images/M/MV5BMTZmY2YwNzUtYTBjZi00NWZlLTk5OGUtNzZkNzA4Mzg0NzEwXkEyXkFqcGdeQXVyODQ0MTc2Mjg@._V1_.jpg</fanart>
</item>

<item>
<title>WWE Total Bellas Season 1 Episode 1 05/10/2016</title>
<link>http://www.dailymotion.com/embed/video/x6gnx71?autoplay=1</link>
<thumbnail>https://image.tmdb.org/t/p/w600_and_h900_bestv2/GRcfIGcyaXluPi7kURlNtQRmfN.jpg</thumbnail>
<fanart>https://m.media-amazon.com/images/M/MV5BMTZmY2YwNzUtYTBjZi00NWZlLTk5OGUtNzZkNzA4Mzg0NzEwXkEyXkFqcGdeQXVyODQ0MTc2Mjg@._V1_.jpg</fanart>
</item>