<item>
<title>Day 4 – NxT UK Championship + Specials – WWE UK Championship Tournament 2018 Conclusion</title>
<thumbnail>https://image.tmdb.org/t/p/original/1nCXimwFrhd9wP4AAfuBFMQLtEN.jpg</thumbnail>
<fanart>https://m.media-amazon.com/images/M/MV5BM2Q3MGM0ZTgtZTRhZi00NzQzLThmYTUtOTRmODA3NWUzYjIzL2ltYWdlXkEyXkFqcGdeQXVyMzQwNDk2ODM@._V1_.jpg</fanart>
</item>

<item>
<title>PART 1</title>
<link>http://ww3.primego.org/x264/tXmzRmKBpZSKSAe/tXmzRmKBpZSKSAe.m3u8</link>
<thumbnail>https://image.tmdb.org/t/p/original/1nCXimwFrhd9wP4AAfuBFMQLtEN.jpg</thumbnail>
<fanart>https://m.media-amazon.com/images/M/MV5BM2Q3MGM0ZTgtZTRhZi00NzQzLThmYTUtOTRmODA3NWUzYjIzL2ltYWdlXkEyXkFqcGdeQXVyMzQwNDk2ODM@._V1_.jpg</fanart>
</item>

<item>
<title>PART 2</title>
<link>http://ww9.primego.org/x264/6rgOYSPKxA8ZBEp/6rgOYSPKxA8ZBEp.m3u8</link>
<thumbnail>https://image.tmdb.org/t/p/original/1nCXimwFrhd9wP4AAfuBFMQLtEN.jpg</thumbnail>
<fanart>https://m.media-amazon.com/images/M/MV5BM2Q3MGM0ZTgtZTRhZi00NzQzLThmYTUtOTRmODA3NWUzYjIzL2ltYWdlXkEyXkFqcGdeQXVyMzQwNDk2ODM@._V1_.jpg</fanart>
</item>

<item>
<title>PART 3</title>
<link>http://ww10.primego.org/x264/muFXOKE7VEUHyJy/muFXOKE7VEUHyJy.m3u8</link>
<thumbnail>https://image.tmdb.org/t/p/original/1nCXimwFrhd9wP4AAfuBFMQLtEN.jpg</thumbnail>
<fanart>https://m.media-amazon.com/images/M/MV5BM2Q3MGM0ZTgtZTRhZi00NzQzLThmYTUtOTRmODA3NWUzYjIzL2ltYWdlXkEyXkFqcGdeQXVyMzQwNDk2ODM@._V1_.jpg</fanart>
</item>

<item>
<title>[COLOR gold]-------------------------------------------------------------------[/COLOR]</title>
</item>

<item>
<title>WWE United Kingdom Championship Tournament 2018 Finale 25/06/2018</title>
<thumbnail>https://image.tmdb.org/t/p/original/1nCXimwFrhd9wP4AAfuBFMQLtEN.jpg</thumbnail>
<fanart>https://m.media-amazon.com/images/M/MV5BM2Q3MGM0ZTgtZTRhZi00NzQzLThmYTUtOTRmODA3NWUzYjIzL2ltYWdlXkEyXkFqcGdeQXVyMzQwNDk2ODM@._V1_.jpg</fanart>
</item>

<item>
<title>PART 1</title>
<link>http://ww4.primego.org/x264/RfgNVIyK2YDn3jt/RfgNVIyK2YDn3jt.m3u8</link>
<thumbnail>https://image.tmdb.org/t/p/original/1nCXimwFrhd9wP4AAfuBFMQLtEN.jpg</thumbnail>
<fanart>https://m.media-amazon.com/images/M/MV5BM2Q3MGM0ZTgtZTRhZi00NzQzLThmYTUtOTRmODA3NWUzYjIzL2ltYWdlXkEyXkFqcGdeQXVyMzQwNDk2ODM@._V1_.jpg</fanart>
</item>

<item>
<title>PART 2</title>
<link>http://ww9.primego.org/x264/XqqoB3yeofGxCTt/XqqoB3yeofGxCTt.m3u8</link>
<thumbnail>https://image.tmdb.org/t/p/original/1nCXimwFrhd9wP4AAfuBFMQLtEN.jpg</thumbnail>
<fanart>https://m.media-amazon.com/images/M/MV5BM2Q3MGM0ZTgtZTRhZi00NzQzLThmYTUtOTRmODA3NWUzYjIzL2ltYWdlXkEyXkFqcGdeQXVyMzQwNDk2ODM@._V1_.jpg</fanart>
</item>

<item>
<title>PART 3</title>
<link>http://ww7.primego.org/x264/Qn8TcmQ5NMIT0rO/Qn8TcmQ5NMIT0rO.m3u8</link>
<thumbnail>https://image.tmdb.org/t/p/original/1nCXimwFrhd9wP4AAfuBFMQLtEN.jpg</thumbnail>
<fanart>https://m.media-amazon.com/images/M/MV5BM2Q3MGM0ZTgtZTRhZi00NzQzLThmYTUtOTRmODA3NWUzYjIzL2ltYWdlXkEyXkFqcGdeQXVyMzQwNDk2ODM@._V1_.jpg</fanart>
</item>

<item>
<title>[COLOR gold]-------------------------------------------------------------------[/COLOR]</title>
</item>

<item>
<title>WWE United Kingdom Championship Tournament 16/06/2018</title>
<link>http://ww3.primego.org/x264/0cc9vEM8Y9rfscv/0cc9vEM8Y9rfscv.m3u8</link>
<thumbnail>https://image.tmdb.org/t/p/original/1nCXimwFrhd9wP4AAfuBFMQLtEN.jpg</thumbnail>
<fanart>https://m.media-amazon.com/images/M/MV5BM2Q3MGM0ZTgtZTRhZi00NzQzLThmYTUtOTRmODA3NWUzYjIzL2ltYWdlXkEyXkFqcGdeQXVyMzQwNDk2ODM@._V1_.jpg</fanart>
</item>

<item>
<title>[COLOR gold]-------------------------------------------------------------------[/COLOR]</title>
</item>

<item>
<title>WWE United Kingdom Championship Tournament 07/06/2018</title>
<link>http://ww11.primego.org/x264/5MwFvrYch5pJgOl/5MwFvrYch5pJgOl.m3u8</link>
<thumbnail>https://image.tmdb.org/t/p/original/1nCXimwFrhd9wP4AAfuBFMQLtEN.jpg</thumbnail>
<fanart>https://m.media-amazon.com/images/M/MV5BM2Q3MGM0ZTgtZTRhZi00NzQzLThmYTUtOTRmODA3NWUzYjIzL2ltYWdlXkEyXkFqcGdeQXVyMzQwNDk2ODM@._V1_.jpg</fanart>
</item>