<item>
<title>HALL OF FAME RED CARPET 2018</title>
<link>https://www.youtube.com/watch?v=e7E7Jj1yLuA</link>
<thumbnail>https://ia.media-imdb.com/images/M/MV5BNWYzNjcyYTktMGJmMi00ZTk0LTk4MGItMzkwZDk4ZTVmOTY0XkEyXkFqcGdeQXVyODY2NDQ5ODE@._V1_.jpg</thumbnail>
<fanart>https://ia.media-imdb.com/images/M/MV5BZmIzZWMwYzEtMDk0Yi00ZThlLWI0MzMtMDRlMjQ0MzM3ZDFiXkEyXkFqcGdeQXVyNzQzNDM3NTI@._V1_.jpg</fanart>
</item>

<item>
<title>HALL OF FAME 2018</title>
<link>
<sublink>http://ww1.primego.org/x264/yUuzwOeKpIqLtu3/yUuzwOeKpIqLtu3.m3u8(link 1 | PART 1)</sublink>
<sublink>http://ww12.primego.org/x264/CkUXaFYMWWpr22S/CkUXaFYMWWpr22S.m3u8(link 2 | PART 2)</sublink>
<sublink>http://ww13.primego.org/x264/Ochf2AuCdLhPgcQ/Ochf2AuCdLhPgcQ.m3u8(link 3 | PART 3)</sublink>
</link>
<thumbnail>https://ia.media-imdb.com/images/M/MV5BNWYzNjcyYTktMGJmMi00ZTk0LTk4MGItMzkwZDk4ZTVmOTY0XkEyXkFqcGdeQXVyODY2NDQ5ODE@._V1_.jpg</thumbnail>
<fanart>https://ia.media-imdb.com/images/M/MV5BZmIzZWMwYzEtMDk0Yi00ZThlLWI0MzMtMDRlMjQ0MzM3ZDFiXkEyXkFqcGdeQXVyNzQzNDM3NTI@._V1_.jpg</fanart>
</item>

<item>
<title>WRESTLEMANIA 2018</title>
<link>
<sublink>http://dl.tehmovies.pro/94/97/1/WWE%20WrestleMania%2034%202018%20PPV%20720p.webdl.Tehmovies.mkv(link 1)</sublink>
<sublink>http://ww6.primego.org/x264/Bgjs6ArraOnx0gM/Bgjs6ArraOnx0gM.m3u8(link 2 | PART 1)</sublink>
<sublink>http://ww2.primego.org/x264/tTRqXPgK637FvPE/tTRqXPgK637FvPE.m3u8(link 2 | PART 2)</sublink>
<sublink>http://ww3.primego.org/x264/VoUahvaTB5eDv3O/VoUahvaTB5eDv3O.m3u8(link 2 | PART 3)</sublink>
<sublink>http://ww9.primego.org/x264/k9GFxkXRynHeBkj/k9GFxkXRynHeBkj.m3u8(link 2 | PART 4)</sublink>
<sublink>http://ww6.primego.org/x264/dTcFRXMWUADT2xd/dTcFRXMWUADT2xd.m3u8(link 2 | PART 5)</sublink>
</link>
<thumbnail>https://ia.media-imdb.com/images/M/MV5BNWYzNjcyYTktMGJmMi00ZTk0LTk4MGItMzkwZDk4ZTVmOTY0XkEyXkFqcGdeQXVyODY2NDQ5ODE@._V1_.jpg</thumbnail>
<fanart>https://ia.media-imdb.com/images/M/MV5BZmIzZWMwYzEtMDk0Yi00ZThlLWI0MzMtMDRlMjQ0MzM3ZDFiXkEyXkFqcGdeQXVyNzQzNDM3NTI@._V1_.jpg</fanart>
</item>

<item>
<name>WRESTLEMANIA 2017</name>
<link>
<sublink>http://dl.tehmovies.pro/94/series/wwe/raw/WWE%20WrestleMania%2033%202017%20PPV%20HDTV%20Tehmovies_me.mkv(link 1 | HDTV)</sublink>
</link>
<thumbnail>https://ia.media-imdb.com/images/M/MV5BNWNkMTIwOWQtNWUzYi00YzE4LWJjMzAtMzU4MTY1NDVjMzNlXkEyXkFqcGdeQXVyMTc0NzI3MDQ@._V1_SY1000_CR0,0,812,1000_AL_.jpg</thumbnail>
<fanart>https://ia.media-imdb.com/images/M/MV5BNjg5NzBmZjItYzljMS00Y2NlLWIxY2ItZDEzN2FhNzhiZWYyXkEyXkFqcGdeQXVyNTEwOTQ1NDM@._V1_.jpg</fanart>
</item>

