<item>
<title>WWE 24 S01E17 The Hardys: Woken</title>
<link>http://ww5.primego.org/x264/XvPXP5Bf9V2M6y9/XvPXP5Bf9V2M6y9.m3u8</link>
<summary>Storyline
A series of documentaries exclusive to the WWE Network, featuring a behind the scenes look at the superstars and events of the WWE.
30min | Documentary, Sport | TV Series (2015– )</summary>
<thumbnail>https://image.tmdb.org/t/p/w600_and_h900_bestv2/wB7gxX6OgyxGO9nsaLP4NJZ6QMw.jpg</thumbnail>
<fanart>https://m.media-amazon.com/images/M/MV5BODljN2RkNTEtNjc3Ny00ZTE4LTlkODItZmRkYWI1ZTcxNjBiXkEyXkFqcGdeQXVyNjc5MDgzMTY@._V1_.jpg</fanart>
</item>