<?xml version="1.0" encoding="UTF-8"?>
    <addon id="repository.wookie" name="Wookie Repository" version="0.1.0" provider-name="Dread">
        <requires>
            <import addon="xbmc.addon" version="12.0.0"/>
        </requires>
        <extension point="xbmc.addon.repository" name="Wookie Repository">
            <info compressed="false">https://github.com/fightdread/_repository.wookie/addons.xml</info>
            <checksum>https://github.com/fightdread/_repository.wookie/addons.xml.md5</checksum>
            <datadir zip="true">https://github.com/fightdread/_repository.wookie/</datadir>
            <hashes>false</hashes>
        </extension>
        <extension point="xbmc.addon.metadata">
            <summary>Install all of Dreads ADD ONS</summary>
            <description>Download and Install Addons From Dread</description>
            <platform>all</platform>
    </extension>
</addon>